Market and Exchange Names,As of Date in Form YYMMDD,As of Date in Form YYYY-MM-DD,CFTC Contract Market Code,CFTC Market Code in Initials,CFTC Region Code,CFTC Commodity Code,Open Interest (All),Noncommercial Positions-Long (All),Noncommercial Positions-Short (All),Noncommercial Positions-Spreading (All),Commercial Positions-Long (All),Commercial Positions-Short (All), Total Reportable Positions-Long (All),Total Reportable Positions-Short (All),Nonreportable Positions-Long (All),Nonreportable Positions-Short (All),Open Interest (Old),Noncommercial Positions-Long (Old),Noncommercial Positions-Short (Old),Noncommercial Positions-Spreading (Old),Commercial Positions-Long (Old),Commercial Positions-Short (Old),Total Reportable Positions-Long (Old),Total Reportable Positions-Short (Old),Nonreportable Positions-Long (Old),Nonreportable Positions-Short (Old),Open Interest (Other),Noncommercial Positions-Long (Other),Noncommercial Positions-Short (Other),Noncommercial Positions-Spreading (Other),Commercial Positions-Long (Other),Commercial Positions-Short (Other),Total Reportable Positions-Long (Other),Total Reportable Positions-Short (Other),Nonreportable Positions-Long (Other),Nonreportable Positions-Short (Other),Change in Open Interest (All),Change in Noncommercial-Long (All),Change in Noncommercial-Short (All),Change in Noncommercial-Spreading (All),Change in Commercial-Long (All),Change in Commercial-Short (All),Change in Total Reportable-Long (All),Change in Total Reportable-Short (All),Change in Nonreportable-Long (All),Change in Nonreportable-Short (All),% of Open Interest (OI) (All),% of OI-Noncommercial-Long (All),% of OI-Noncommercial-Short (All),% of OI-Noncommercial-Spreading (All),% of OI-Commercial-Long (All),% of OI-Commercial-Short (All),% of OI-Total Reportable-Long (All),% of OI-Total Reportable-Short (All),% of OI-Nonreportable-Long (All),% of OI-Nonreportable-Short (All),% of Open Interest (OI)(Old),% of OI-Noncommercial-Long (Old),% of OI-Noncommercial-Short (Old),% of OI-Noncommercial-Spreading (Old),% of OI-Commercial-Long (Old),% of OI-Commercial-Short (Old),% of OI-Total Reportable-Long (Old),% of OI-Total Reportable-Short (Old),% of OI-Nonreportable-Long (Old),% of OI-Nonreportable-Short (Old),% of Open Interest (OI) (Other),% of OI-Noncommercial-Long (Other),% of OI-Noncommercial-Short (Other),% of OI-Noncommercial-Spreading (Other),% of OI-Commercial-Long (Other),% of OI-Commercial-Short (Other),% of OI-Total Reportable-Long (Other),% of OI-Total Reportable-Short (Other),% of OI-Nonreportable-Long (Other),% of OI-Nonreportable-Short (Other),Traders-Total (All),Traders-Noncommercial-Long (All),Traders-Noncommercial-Short (All),Traders-Noncommercial-Spreading (All),Traders-Commercial-Long (All),Traders-Commercial-Short (All),Traders-Total Reportable-Long (All),Traders-Total Reportable-Short (All),Traders-Total (Old),Traders-Noncommercial-Long (Old),Traders-Noncommercial-Short (Old),Traders-Noncommercial-Spreading (Old),Traders-Commercial-Long (Old),Traders-Commercial-Short (Old),Traders-Total Reportable-Long (Old),Traders-Total Reportable-Short (Old),Traders-Total (Other),Traders-Noncommercial-Long (Other),Traders-Noncommercial-Short (Other),Traders-Noncommercial-Spreading (Other),Traders-Commercial-Long (Other),Traders-Commercial-Short (Other),Traders-Total Reportable-Long (Other),Traders-Total Reportable-Short (Other),Concentration-Gross LT = 4 TDR-Long (All),Concentration-Gross LT =4 TDR-Short (All),Concentration-Gross LT =8 TDR-Long (All),Concentration-Gross LT =8 TDR-Short (All),Concentration-Net LT =4 TDR-Long (All),Concentration-Net LT =4 TDR-Short (All),Concentration-Net LT =8 TDR-Long (All),Concentration-Net LT =8 TDR-Short (All),Concentration-Gross LT =4 TDR-Long (Old),Concentration-Gross LT =4 TDR-Short (Old),Concentration-Gross LT =8 TDR-Long (Old),Concentration-Gross LT =8 TDR-Short (Old),Concentration-Net LT =4 TDR-Long (Old),Concentration-Net LT =4 TDR-Short (Old),Concentration-Net LT =8 TDR-Long (Old),Concentration-Net LT =8 TDR-Short (Old),Concentration-Gross LT =4 TDR-Long (Other),Concentration-Gross LT =4 TDR-Short(Other),Concentration-Gross LT =8 TDR-Long (Other),Concentration-Gross LT =8 TDR-Short(Other),Concentration-Net LT =4 TDR-Long (Other),Concentration-Net LT =4 TDR-Short (Other),Concentration-Net LT =8 TDR-Long (Other),Concentration-Net LT =8 TDR-Short (Other),Contract Units,CFTC Contract Market Code (Quotes),CFTC Market Code in Initials (Quotes),CFTC Commodity Code (Quotes)
GOLD - COMMODITY EXCHANGE INC.,241231,2024-12-31,088691,CMX ,1,88,458584,282907,35628,67921,60399,331695,411227,435244,47357,23340,458584,282907,35628,67921,60399,331695,411227,435244,47357,23340,0,0,0,0,0,0,0,0,0,0,    3938,   -6509,   -6159,    8640,    2263,     223,    4394,    2704,    -456,    1234,100.0,61.7,7.8,14.8,13.2,72.3,89.7,94.9,10.3,5.1,100.0,61.7,7.8,14.8,13.2,72.3,89.7,94.9,10.3,5.1,0.0,0.0,0.0,0.0,0.0,0.0,0.0,0.0,0.0,0.0,265,157,49,60,35,50,213,140,265,157,49,60,35,50,213,140,0,0,0,0,0,0,0,0,23.7,40.2,33.3,57.6,19.4,37.2,26.9,50.1,23.7,40.2,33.3,57.6,19.4,37.2,26.9,50.1,0.0,0.0,0.0,0.0,0.0,0.0,0.0,0.0,(CONTRACTS OF 100 TROY OUNCES),088691,CMX ,88
GOLD - COMMODITY EXCHANGE INC.,241224,2024-12-24,088691,CMX ,1,88,454646,289416,41787,59281,58136,331472,406833,432540,47813,22106,454646,289416,41787,59281,58136,331472,406833,432540,47813,22106,0,0,0,0,0,0,0,0,0,0,  -11925,  -13562,     850,    5088,   -2876,  -14773,  -11350,   -8835,    -575,   -3090,100.0,63.7,9.2,13.0,12.8,72.9,89.5,95.1,10.5,4.9,100.0,63.7,9.2,13.0,12.8,72.9,89.5,95.1,10.5,4.9,0.0,0.0,0.0,0.0,0.0,0.0,0.0,0.0,0.0,0.0,278,163,54,64,35,51,220,149,278,163,54,64,35,51,220,149,0,0,0,0,0,0,0,0,22.6,39.6,32.3,56.0,19.8,37.3,27.7,50.5,22.6,39.6,32.3,56.0,19.8,37.3,27.7,50.5,0.0,0.0,0.0,0.0,0.0,0.0,0.0,0.0,(CONTRACTS OF 100 TROY OUNCES),088691,CMX ,88
GOLD - COMMODITY EXCHANGE INC.,241217,2024-12-17,088691,CMX ,1,88,466571,302978,40937,54193,61012,346245,418183,441375,48388,25196,466571,302978,40937,54193,61012,346245,418183,441375,48388,25196,0,0,0,0,0,0,0,0,0,0,  -16775,  -21354,   -7809,    7652,   -5013,  -16651,  -18715,  -16808,    1940,      33,100.0,64.9,8.8,11.6,13.1,74.2,89.6,94.6,10.4,5.4,100.0,64.9,8.8,11.6,13.1,74.2,89.6,94.6,10.4,5.4,0.0,0.0,0.0,0.0,0.0,0.0,0.0,0.0,0.0,0.0,282,167,52,64,38,50,228,145,282,167,52,64,38,50,228,145,0,0,0,0,0,0,0,0,22.9,40.6,33.3,57.0,20.8,38.4,28.8,51.9,22.9,40.6,33.3,57.0,20.8,38.4,28.8,51.9,0.0,0.0,0.0,0.0,0.0,0.0,0.0,0.0,(CONTRACTS OF 100 TROY OUNCES),088691,CMX ,88
GOLD - COMMODITY EXCHANGE INC.,241210,2024-12-10,088691,CMX ,1,88,483346,324332,48746,46541,66025,362896,436898,458183,46448,25163,483346,324332,48746,46541,66025,362896,436898,458183,46448,25163,0,0,0,0,0,0,0,0,0,0,   21306,   16721,     871,    3700,    2774,   13370,   23195,   17941,   -1889,    3365,100.0,67.1,10.1,9.6,13.7,75.1,90.4,94.8,9.6,5.2,100.0,67.1,10.1,9.6,13.7,75.1,90.4,94.8,9.6,5.2,0.0,0.0,0.0,0.0,0.0,0.0,0.0,0.0,0.0,0.0,314,178,64,74,40,56,249,166,314,178,64,74,40,56,249,166,0,0,0,0,0,0,0,0,21.0,41.2,31.6,58.0,20.2,39.2,28.6,53.8,21.0,41.2,31.6,58.0,20.2,39.2,28.6,53.8,0.0,0.0,0.0,0.0,0.0,0.0,0.0,0.0,(CONTRACTS OF 100 TROY OUNCES),088691,CMX ,88
GOLD - COMMODITY EXCHANGE INC.,241203,2024-12-03,088691,CMX ,1,88,462040,307611,47875,42841,63251,349526,413703,440242,48337,21798,462040,307611,47875,42841,63251,349526,413703,440242,48337,21798,0,0,0,0,0,0,0,0,0,0,  -10620,    4210,   -5188,   -7467,   -9126,    4629,  -12383,   -8026,    1763,   -2594,100.0,66.6,10.4,9.3,13.7,75.6,89.5,95.3,10.5,4.7,100.0,66.6,10.4,9.3,13.7,75.6,89.5,95.3,10.5,4.7,0.0,0.0,0.0,0.0,0.0,0.0,0.0,0.0,0.0,0.0,301,172,58,64,39,56,235,156,301,172,58,64,39,56,235,156,0,0,0,0,0,0,0,0,21.4,43.0,31.6,59.4,21.0,41.1,29.5,55.6,21.4,43.0,31.6,59.4,21.0,41.1,29.5,55.6,0.0,0.0,0.0,0.0,0.0,0.0,0.0,0.0,(CONTRACTS OF 100 TROY OUNCES),088691,CMX ,88
GOLD - COMMODITY EXCHANGE INC.,241126,2024-11-26,088691,CMX ,1,88,472660,303401,53063,50308,72377,344897,426086,448268,46574,24392,472660,303401,53063,50308,72377,344897,426086,448268,46574,24392,0,0,0,0,0,0,0,0,0,0,  -30292,   -5953,  -21924,  -17410,   -1082,    9116,  -24445,  -30218,   -5847,     -74,100.0,64.2,11.2,10.6,15.3,73.0,90.1,94.8,9.9,5.2,100.0,64.2,11.2,10.6,15.3,73.0,90.1,94.8,9.9,5.2,0.0,0.0,0.0,0.0,0.0,0.0,0.0,0.0,0.0,0.0,297,168,57,71,43,58,238,163,297,168,57,71,43,58,238,163,0,0,0,0,0,0,0,0,21.0,40.0,30.3,54.8,20.8,37.4,28.5,50.3,21.0,40.0,30.3,54.8,20.8,37.4,28.5,50.3,0.0,0.0,0.0,0.0,0.0,0.0,0.0,0.0,(CONTRACTS OF 100 TROY OUNCES),088691,CMX ,88
GOLD - COMMODITY EXCHANGE INC.,241119,2024-11-19,088691,CMX ,1,88,502952,309354,74987,67718,73459,335781,450531,478486,52421,24466,502952,309354,74987,67718,73459,335781,450531,478486,52421,24466,0,0,0,0,0,0,0,0,0,0,  -33029,   -6871,   -4787,  -19853,   -1888,   -5148,  -28612,  -29788,   -4417,   -3241,100.0,61.5,14.9,13.5,14.6,66.8,89.6,95.1,10.4,4.9,100.0,61.5,14.9,13.5,14.6,66.8,89.6,95.1,10.4,4.9,0.0,0.0,0.0,0.0,0.0,0.0,0.0,0.0,0.0,0.0,298,172,57,78,41,53,247,159,298,172,57,78,41,53,247,159,0,0,0,0,0,0,0,0,19.9,34.6,28.7,50.1,19.2,33.0,27.5,47.5,19.9,34.6,28.7,50.1,19.2,33.0,27.5,47.5,0.0,0.0,0.0,0.0,0.0,0.0,0.0,0.0,(CONTRACTS OF 100 TROY OUNCES),088691,CMX ,88
GOLD - COMMODITY EXCHANGE INC.,241112,2024-11-12,088691,CMX ,1,88,535981,316225,79774,87571,75347,340929,479143,508274,56838,27707,535981,316225,79774,87571,75347,340929,479143,508274,56838,27707,0,0,0,0,0,0,0,0,0,0,  -22053,  -20591,   -1713,   -7723,    2060,  -15417,  -26254,  -24853,    4201,    2800,100.0,59.0,14.9,16.3,14.1,63.6,89.4,94.8,10.6,5.2,100.0,59.0,14.9,16.3,14.1,63.6,89.4,94.8,10.6,5.2,0.0,0.0,0.0,0.0,0.0,0.0,0.0,0.0,0.0,0.0,312,181,66,91,38,51,255,176,312,181,66,91,38,51,255,176,0,0,0,0,0,0,0,0,19.3,32.0,28.9,47.6,18.1,30.5,26.3,44.0,19.3,32.0,28.9,47.6,18.1,30.5,26.3,44.0,0.0,0.0,0.0,0.0,0.0,0.0,0.0,0.0,(CONTRACTS OF 100 TROY OUNCES),088691,CMX ,88
GOLD - COMMODITY EXCHANGE INC.,241105,2024-11-05,088691,CMX ,1,88,558034,336816,81487,95294,73287,356346,505397,533127,52637,24907,558034,336816,81487,95294,73287,356346,505397,533127,52637,24907,0,0,0,0,0,0,0,0,0,0,  -21434,  -29820,   -6496,    4829,    4352,  -16260,  -20639,  -17927,    -795,   -3507,100.0,60.4,14.6,17.1,13.1,63.9,90.6,95.5,9.4,4.5,100.0,60.4,14.6,17.1,13.1,63.9,90.6,95.5,9.4,4.5,0.0,0.0,0.0,0.0,0.0,0.0,0.0,0.0,0.0,0.0,311,180,63,81,37,50,245,171,311,180,63,81,37,50,245,171,0,0,0,0,0,0,0,0,19.2,32.3,30.2,47.6,17.3,31.2,25.7,43.3,19.2,32.3,30.2,47.6,17.3,31.2,25.7,43.3,0.0,0.0,0.0,0.0,0.0,0.0,0.0,0.0,(CONTRACTS OF 100 TROY OUNCES),088691,CMX ,88
GOLD - COMMODITY EXCHANGE INC.,241029,2024-10-29,088691,CMX ,1,88,579468,366636,87983,90465,68935,372606,526036,551054,53432,28414,579468,366636,87983,90465,68935,372606,526036,551054,53432,28414,0,0,0,0,0,0,0,0,0,0,    5708,   -5177,   12374,    8977,    2690,  -18340,    6490,    3011,    -782,    2697,100.0,63.3,15.2,15.6,11.9,64.3,90.8,95.1,9.2,4.9,100.0,63.3,15.2,15.6,11.9,64.3,90.8,95.1,9.2,4.9,0.0,0.0,0.0,0.0,0.0,0.0,0.0,0.0,0.0,0.0,334,191,74,75,35,50,258,172,334,191,74,75,35,50,258,172,0,0,0,0,0,0,0,0,19.2,31.4,29.5,45.9,17.0,29.9,25.4,41.9,19.2,31.4,29.5,45.9,17.0,29.9,25.4,41.9,0.0,0.0,0.0,0.0,0.0,0.0,0.0,0.0,(CONTRACTS OF 100 TROY OUNCES),088691,CMX ,88
GOLD - COMMODITY EXCHANGE INC.,241022,2024-10-22,088691,CMX ,1,88,573760,371813,75609,81488,66245,390946,519546,548043,54214,25717,573760,371813,75609,81488,66245,390946,519546,548043,54214,25717,0,0,0,0,0,0,0,0,0,0,   32528,   14319,    4549,   18268,   -3783,    8260,   28804,   31077,    3724,    1451,100.0,64.8,13.2,14.2,11.5,68.1,90.6,95.5,9.4,4.5,100.0,64.8,13.2,14.2,11.5,68.1,90.6,95.5,9.4,4.5,0.0,0.0,0.0,0.0,0.0,0.0,0.0,0.0,0.0,0.0,344,197,74,74,35,56,260,180,344,197,74,74,35,56,260,180,0,0,0,0,0,0,0,0,18.9,34.6,29.5,47.9,17.6,33.5,26.1,45.5,18.9,34.6,29.5,47.9,17.6,33.5,26.1,45.5,0.0,0.0,0.0,0.0,0.0,0.0,0.0,0.0,(CONTRACTS OF 100 TROY OUNCES),088691,CMX ,88
GOLD - COMMODITY EXCHANGE INC.,241015,2024-10-15,088691,CMX ,1,88,541232,357494,71060,63220,70028,382686,490742,516966,50490,24266,541232,357494,71060,63220,70028,382686,490742,516966,50490,24266,0,0,0,0,0,0,0,0,0,0,   20916,    8603,     349,   12192,    1071,    9753,   21866,   22294,    -950,   -1378,100.0,66.1,13.1,11.7,12.9,70.7,90.7,95.5,9.3,4.5,100.0,66.1,13.1,11.7,12.9,70.7,90.7,95.5,9.3,4.5,0.0,0.0,0.0,0.0,0.0,0.0,0.0,0.0,0.0,0.0,328,187,72,71,34,54,250,171,328,187,72,71,34,54,250,171,0,0,0,0,0,0,0,0,19.6,36.5,28.8,50.0,19.5,35.0,27.4,48.3,19.6,36.5,28.8,50.0,19.5,35.0,27.4,48.3,0.0,0.0,0.0,0.0,0.0,0.0,0.0,0.0,(CONTRACTS OF 100 TROY OUNCES),088691,CMX ,88
GOLD - COMMODITY EXCHANGE INC.,241008,2024-10-08,088691,CMX ,1,88,520316,348891,70711,51028,68957,372933,468876,494672,51440,25644,520316,348891,70711,51028,68957,372933,468876,494672,51440,25644,0,0,0,0,0,0,0,0,0,0,  -12791,  -21160,     591,    8262,    1858,  -21690,  -11040,  -12837,   -1751,      46,100.0,67.1,13.6,9.8,13.3,71.7,90.1,95.1,9.9,4.9,100.0,67.1,13.6,9.8,13.3,71.7,90.1,95.1,9.9,4.9,0.0,0.0,0.0,0.0,0.0,0.0,0.0,0.0,0.0,0.0,318,179,69,67,36,52,238,168,318,179,69,67,36,52,238,168,0,0,0,0,0,0,0,0,20.3,38.2,29.4,51.7,20.2,36.8,28.1,50.1,20.3,38.2,29.4,51.7,20.2,36.8,28.1,50.1,0.0,0.0,0.0,0.0,0.0,0.0,0.0,0.0,(CONTRACTS OF 100 TROY OUNCES),088691,CMX ,88
GOLD - COMMODITY EXCHANGE INC.,241001,2024-10-01,088691,CMX ,1,88,533107,370051,70120,42766,67099,394623,479916,507509,53191,25598,533107,370051,70120,42766,67099,394623,479916,507509,53191,25598,0,0,0,0,0,0,0,0,0,0,  -31533,  -17521,   -2062,   -4145,   -9614,  -21796,  -31280,  -28003,    -253,   -3530,100.0,69.4,13.2,8.0,12.6,74.0,90.0,95.2,10.0,4.8,100.0,69.4,13.2,8.0,12.6,74.0,90.0,95.2,10.0,4.8,0.0,0.0,0.0,0.0,0.0,0.0,0.0,0.0,0.0,0.0,324,182,71,66,35,57,243,170,324,182,71,66,35,57,243,170,0,0,0,0,0,0,0,0,19.6,38.3,29.1,52.4,19.4,37.1,27.8,50.9,19.6,38.3,29.1,52.4,19.4,37.1,27.8,50.9,0.0,0.0,0.0,0.0,0.0,0.0,0.0,0.0,(CONTRACTS OF 100 TROY OUNCES),088691,CMX ,88
GOLD - COMMODITY EXCHANGE INC.,240924,2024-09-24,088691,CMX ,1,88,564640,387572,72182,46911,76713,416419,511196,535512,53444,29128,564640,387572,72182,46911,76713,416419,511196,535512,53444,29128,0,0,0,0,0,0,0,0,0,0,   27013,   17838,   12514,    6641,    2066,    6645,   26545,   25800,     468,    1213,100.0,68.6,12.8,8.3,13.6,73.7,90.5,94.8,9.5,5.2,100.0,68.6,12.8,8.3,13.6,73.7,90.5,94.8,9.5,5.2,0.0,0.0,0.0,0.0,0.0,0.0,0.0,0.0,0.0,0.0,336,195,70,82,39,56,268,176,336,195,70,82,39,56,268,176,0,0,0,0,0,0,0,0,18.6,38.1,27.6,53.4,18.2,36.6,26.6,51.3,18.6,38.1,27.6,53.4,18.2,36.6,26.6,51.3,0.0,0.0,0.0,0.0,0.0,0.0,0.0,0.0,(CONTRACTS OF 100 TROY OUNCES),088691,CMX ,88
GOLD - COMMODITY EXCHANGE INC.,240917,2024-09-17,088691,CMX ,1,88,537627,369734,59668,40270,74647,409774,484651,509712,52976,27915,537627,369734,59668,40270,74647,409774,484651,509712,52976,27915,0,0,0,0,0,0,0,0,0,0,   26126,   29728,    2163,   -2056,   -3585,   24643,   24087,   24750,    2039,    1376,100.0,68.8,11.1,7.5,13.9,76.2,90.1,94.8,9.9,5.2,100.0,68.8,11.1,7.5,13.9,76.2,90.1,94.8,9.9,5.2,0.0,0.0,0.0,0.0,0.0,0.0,0.0,0.0,0.0,0.0,326,191,67,76,37,54,258,169,326,191,67,76,37,54,258,169,0,0,0,0,0,0,0,0,18.5,40.6,27.7,55.9,18.2,39.1,26.6,54.3,18.5,40.6,27.7,55.9,18.2,39.1,26.6,54.3,0.0,0.0,0.0,0.0,0.0,0.0,0.0,0.0,(CONTRACTS OF 100 TROY OUNCES),088691,CMX ,88
GOLD - COMMODITY EXCHANGE INC.,240910,2024-09-10,088691,CMX ,1,88,511501,340006,57505,42326,78232,385131,460564,484962,50937,26539,511501,340006,57505,42326,78232,385131,460564,484962,50937,26539,0,0,0,0,0,0,0,0,0,0,     365,     849,    5906,    1961,   -2184,   -7172,     626,     695,    -261,    -330,100.0,66.5,11.2,8.3,15.3,75.3,90.0,94.8,10.0,5.2,100.0,66.5,11.2,8.3,15.3,75.3,90.0,94.8,10.0,5.2,0.0,0.0,0.0,0.0,0.0,0.0,0.0,0.0,0.0,0.0,318,183,67,78,39,52,255,166,318,183,67,78,39,52,255,166,0,0,0,0,0,0,0,0,18.4,42.3,27.1,56.9,18.2,40.8,25.9,55.4,18.4,42.3,27.1,56.9,18.2,40.8,25.9,55.4,0.0,0.0,0.0,0.0,0.0,0.0,0.0,0.0,(CONTRACTS OF 100 TROY OUNCES),088691,CMX ,88
GOLD - COMMODITY EXCHANGE INC.,240903,2024-09-03,088691,CMX ,1,88,511136,339157,51599,40365,80416,392303,459938,484267,51198,26869,511136,339157,51599,40365,80416,392303,459938,484267,51198,26869,0,0,0,0,0,0,0,0,0,0,  -10623,   -4173,    2714,    1727,   -4686,  -15118,   -7132,  -10677,   -3491,      54,100.0,66.4,10.1,7.9,15.7,76.8,90.0,94.7,10.0,5.3,100.0,66.4,10.1,7.9,15.7,76.8,90.0,94.7,10.0,5.3,0.0,0.0,0.0,0.0,0.0,0.0,0.0,0.0,0.0,0.0,313,180,65,75,38,55,245,170,313,180,65,75,38,55,245,170,0,0,0,0,0,0,0,0,17.8,44.0,27.2,59.1,17.6,42.5,26.2,57.6,17.8,44.0,27.2,59.1,17.6,42.5,26.2,57.6,0.0,0.0,0.0,0.0,0.0,0.0,0.0,0.0,(CONTRACTS OF 100 TROY OUNCES),088691,CMX ,88
GOLD - COMMODITY EXCHANGE INC.,240827,2024-08-27,088691,CMX ,1,88,521759,343330,48885,38638,85102,407421,467070,494944,54689,26815,521759,343330,48885,38638,85102,407421,467070,494944,54689,26815,0,0,0,0,0,0,0,0,0,0,  -11108,  -12221,  -15413,     472,   -1130,    4683,  -12879,  -10258,    1771,    -850,100.0,65.8,9.4,7.4,16.3,78.1,89.5,94.9,10.5,5.1,100.0,65.8,9.4,7.4,16.3,78.1,89.5,94.9,10.5,5.1,0.0,0.0,0.0,0.0,0.0,0.0,0.0,0.0,0.0,0.0,324,192,62,75,40,53,258,167,324,192,62,75,40,53,258,167,0,0,0,0,0,0,0,0,17.0,43.4,26.0,59.0,16.9,41.1,25.0,56.7,17.0,43.4,26.0,59.0,16.9,41.1,25.0,56.7,0.0,0.0,0.0,0.0,0.0,0.0,0.0,0.0,(CONTRACTS OF 100 TROY OUNCES),088691,CMX ,88
GOLD - COMMODITY EXCHANGE INC.,240820,2024-08-20,088691,CMX ,1,88,532867,355551,64298,38166,86232,402738,479949,505202,52918,27665,532867,355551,64298,38166,86232,402738,479949,505202,52918,27665,0,0,0,0,0,0,0,0,0,0,   26995,   26782,    2793,    -236,   -2081,   21923,   24465,   24480,    2530,    2515,100.0,66.7,12.1,7.2,16.2,75.6,90.1,94.8,9.9,5.2,100.0,66.7,12.1,7.2,16.2,75.6,90.1,94.8,9.9,5.2,0.0,0.0,0.0,0.0,0.0,0.0,0.0,0.0,0.0,0.0,341,200,70,79,43,52,275,172,341,200,70,79,43,52,275,172,0,0,0,0,0,0,0,0,16.8,41.5,26.1,56.7,16.6,38.8,25.1,53.9,16.8,41.5,26.1,56.7,16.6,38.8,25.1,53.9,0.0,0.0,0.0,0.0,0.0,0.0,0.0,0.0,(CONTRACTS OF 100 TROY OUNCES),088691,CMX ,88
GOLD - COMMODITY EXCHANGE INC.,240813,2024-08-13,088691,CMX ,1,88,505872,328769,61505,38402,88313,380815,455484,480722,50388,25150,505872,328769,61505,38402,88313,380815,455484,480722,50388,25150,0,0,0,0,0,0,0,0,0,0,   25227,   30650,    2135,   -4477,    -129,   23339,   26044,   20997,    -817,    4230,100.0,65.0,12.2,7.6,17.5,75.3,90.0,95.0,10.0,5.0,100.0,65.0,12.2,7.6,17.5,75.3,90.0,95.0,10.0,5.0,0.0,0.0,0.0,0.0,0.0,0.0,0.0,0.0,0.0,0.0,329,186,75,75,41,50,263,168,329,186,75,75,41,50,263,168,0,0,0,0,0,0,0,0,16.8,42.9,26.4,56.9,16.8,40.0,25.3,53.9,16.8,42.9,26.4,56.9,16.8,40.0,25.3,53.9,0.0,0.0,0.0,0.0,0.0,0.0,0.0,0.0,(CONTRACTS OF 100 TROY OUNCES),088691,CMX ,88
GOLD - COMMODITY EXCHANGE INC.,240806,2024-08-06,088691,CMX ,1,88,480645,298119,59370,42879,88442,357476,429440,459725,51205,20920,480645,298119,59370,42879,88442,357476,429440,459725,51205,20920,0,0,0,0,0,0,0,0,0,0,  -30269,  -15245,   -7393,   -5725,  -10573,  -14396,  -31543,  -27514,    1274,   -2755,100.0,62.0,12.4,8.9,18.4,74.4,89.3,95.6,10.7,4.4,100.0,62.0,12.4,8.9,18.4,74.4,89.3,95.6,10.7,4.4,0.0,0.0,0.0,0.0,0.0,0.0,0.0,0.0,0.0,0.0,306,165,74,86,42,50,253,169,306,165,74,86,42,50,253,169,0,0,0,0,0,0,0,0,17.6,44.4,27.6,58.5,17.5,42.0,26.5,55.9,17.6,44.4,27.6,58.5,17.5,42.0,26.5,55.9,0.0,0.0,0.0,0.0,0.0,0.0,0.0,0.0,(CONTRACTS OF 100 TROY OUNCES),088691,CMX ,88
GOLD - COMMODITY EXCHANGE INC.,240730,2024-07-30,088691,CMX ,1,88,510914,313364,66763,48604,99015,371872,460983,487239,49931,23675,510914,313364,66763,48604,99015,371872,460983,487239,49931,23675,0,0,0,0,0,0,0,0,0,0,  -61392,  -28236,   -1763,  -26160,   -3222,  -31290,  -57618,  -59213,   -3774,   -2179,100.0,61.3,13.1,9.5,19.4,72.8,90.2,95.4,9.8,4.6,100.0,61.3,13.1,9.5,19.4,72.8,90.2,95.4,9.8,4.6,0.0,0.0,0.0,0.0,0.0,0.0,0.0,0.0,0.0,0.0,319,190,60,78,41,50,264,160,319,190,60,78,41,50,264,160,0,0,0,0,0,0,0,0,16.5,39.5,26.7,55.1,16.5,36.9,24.7,51.0,16.5,39.5,26.7,55.1,16.5,36.9,24.7,51.0,0.0,0.0,0.0,0.0,0.0,0.0,0.0,0.0,(CONTRACTS OF 100 TROY OUNCES),088691,CMX ,88
GOLD - COMMODITY EXCHANGE INC.,240723,2024-07-23,088691,CMX ,1,88,572306,341600,68526,74764,102237,403162,518601,546452,53705,25854,572306,341600,68526,74764,102237,403162,518601,546452,53705,25854,0,0,0,0,0,0,0,0,0,0,   -7556,   -8227,    3723,    8584,   -7804,  -16183,   -7447,   -3876,    -109,   -3680,100.0,59.7,12.0,13.1,17.9,70.4,90.6,95.5,9.4,4.5,100.0,59.7,12.0,13.1,17.9,70.4,90.6,95.5,9.4,4.5,0.0,0.0,0.0,0.0,0.0,0.0,0.0,0.0,0.0,0.0,332,198,64,82,47,51,279,167,332,198,64,82,47,51,279,167,0,0,0,0,0,0,0,0,15.3,35.7,26.0,49.9,14.3,34.3,23.0,48.2,15.3,35.7,26.0,49.9,14.3,34.3,23.0,48.2,0.0,0.0,0.0,0.0,0.0,0.0,0.0,0.0,(CONTRACTS OF 100 TROY OUNCES),088691,CMX ,88
GOLD - COMMODITY EXCHANGE INC.,240716,2024-07-16,088691,CMX ,1,88,579862,349827,64803,66180,110041,419345,526048,550328,53814,29534,579862,349827,64803,66180,110041,419345,526048,550328,53814,29534,0,0,0,0,0,0,0,0,0,0,   63538,   46784,   16535,   -3571,   17134,   45809,   60347,   58773,    3191,    4765,100.0,60.3,11.2,11.4,19.0,72.3,90.7,94.9,9.3,5.1,100.0,60.3,11.2,11.4,19.0,72.3,90.7,94.9,9.3,5.1,0.0,0.0,0.0,0.0,0.0,0.0,0.0,0.0,0.0,0.0,343,205,66,85,42,57,278,181,343,205,66,85,42,57,278,181,0,0,0,0,0,0,0,0,14.6,36.4,24.9,50.0,14.2,33.5,23.2,46.7,14.6,36.4,24.9,50.0,14.2,33.5,23.2,46.7,0.0,0.0,0.0,0.0,0.0,0.0,0.0,0.0,(CONTRACTS OF 100 TROY OUNCES),088691,CMX ,88
GOLD - COMMODITY EXCHANGE INC.,240709,2024-07-09,088691,CMX ,1,88,516324,303043,48268,69751,92907,373536,465701,491555,50623,24769,516324,303043,48268,69751,92907,373536,465701,491555,50623,24769,0,0,0,0,0,0,0,0,0,0,   61594,   22926,    9694,   29737,    6002,   21832,   58665,   61263,    2929,     331,100.0,58.7,9.3,13.5,18.0,72.3,90.2,95.2,9.8,4.8,100.0,58.7,9.3,13.5,18.0,72.3,90.2,95.2,9.8,4.8,0.0,0.0,0.0,0.0,0.0,0.0,0.0,0.0,0.0,0.0,321,197,52,87,42,55,266,171,321,197,52,87,42,55,266,171,0,0,0,0,0,0,0,0,16.3,37.2,26.7,51.9,15.2,35.7,23.3,49.7,16.3,37.2,26.7,51.9,15.2,35.7,23.3,49.7,0.0,0.0,0.0,0.0,0.0,0.0,0.0,0.0,(CONTRACTS OF 100 TROY OUNCES),088691,CMX ,88
GOLD - COMMODITY EXCHANGE INC.,240702,2024-07-02,088691,CMX ,1,88,454730,280117,38574,40014,86905,351704,407036,430292,47694,24438,454730,280117,38574,40014,86905,351704,407036,430292,47694,24438,0,0,0,0,0,0,0,0,0,0,    2540,   -4768,     -82,    7696,     354,   -6335,    3282,    1279,    -742,    1261,100.0,61.6,8.5,8.8,19.1,77.3,89.5,94.6,10.5,5.4,100.0,61.6,8.5,8.8,19.1,77.3,89.5,94.6,10.5,5.4,0.0,0.0,0.0,0.0,0.0,0.0,0.0,0.0,0.0,0.0,306,188,49,81,41,51,254,159,306,188,49,81,41,51,254,159,0,0,0,0,0,0,0,0,17.0,41.4,26.8,57.1,16.9,39.2,25.6,54.8,17.0,41.4,26.8,57.1,16.9,39.2,25.6,54.8,0.0,0.0,0.0,0.0,0.0,0.0,0.0,0.0,(CONTRACTS OF 100 TROY OUNCES),088691,CMX ,88
GOLD - COMMODITY EXCHANGE INC.,240625,2024-06-25,088691,CMX ,1,88,452190,284885,38656,32318,86551,358039,403754,429013,48436,23177,452190,284885,38656,32318,86551,358039,403754,429013,48436,23177,0,0,0,0,0,0,0,0,0,0,    7845,   -2262,   -5407,    6219,    3111,    6869,    7068,    7681,     777,     164,100.0,63.0,8.5,7.1,19.1,79.2,89.3,94.9,10.7,5.1,100.0,63.0,8.5,7.1,19.1,79.2,89.3,94.9,10.7,5.1,0.0,0.0,0.0,0.0,0.0,0.0,0.0,0.0,0.0,0.0,300,180,53,72,40,54,243,158,300,180,53,72,40,54,243,158,0,0,0,0,0,0,0,0,17.7,42.6,27.9,58.7,17.5,40.3,26.5,56.4,17.7,42.6,27.9,58.7,17.5,40.3,26.5,56.4,0.0,0.0,0.0,0.0,0.0,0.0,0.0,0.0,(CONTRACTS OF 100 TROY OUNCES),088691,CMX ,88
GOLD - COMMODITY EXCHANGE INC.,240618,2024-06-18,088691,CMX ,1,88,444345,287147,44063,26099,83440,351170,396686,421332,47659,23013,444345,287147,44063,26099,83440,351170,396686,421332,47659,23013,0,0,0,0,0,0,0,0,0,0,    7488,   10378,    1220,   -1504,    1266,    8485,   10140,    8201,   -2652,    -713,100.0,64.6,9.9,5.9,18.8,79.0,89.3,94.8,10.7,5.2,100.0,64.6,9.9,5.9,18.8,79.0,89.3,94.8,10.7,5.2,0.0,0.0,0.0,0.0,0.0,0.0,0.0,0.0,0.0,0.0,308,182,57,68,41,57,248,160,308,182,57,68,41,57,248,160,0,0,0,0,0,0,0,0,17.8,42.1,28.1,58.5,17.8,39.9,26.8,56.1,17.8,42.1,28.1,58.5,17.8,39.9,26.8,56.1,0.0,0.0,0.0,0.0,0.0,0.0,0.0,0.0,(CONTRACTS OF 100 TROY OUNCES),088691,CMX ,88
GOLD - COMMODITY EXCHANGE INC.,240611,2024-06-11,088691,CMX ,1,88,436857,276769,42843,27603,82174,342685,386546,413131,50311,23726,436857,276769,42843,27603,82174,342685,386546,413131,50311,23726,0,0,0,0,0,0,0,0,0,0,  -10631,   -7797,   -4421,   -2094,   -1244,   -6664,  -11135,  -13179,     504,    2548,100.0,63.4,9.8,6.3,18.8,78.4,88.5,94.6,11.5,5.4,100.0,63.4,9.8,6.3,18.8,78.4,88.5,94.6,11.5,5.4,0.0,0.0,0.0,0.0,0.0,0.0,0.0,0.0,0.0,0.0,294,170,62,70,40,48,236,156,294,170,62,70,40,48,236,156,0,0,0,0,0,0,0,0,17.8,42.4,27.7,59.1,17.7,40.5,26.6,56.6,17.8,42.4,27.7,59.1,17.7,40.5,26.6,56.6,0.0,0.0,0.0,0.0,0.0,0.0,0.0,0.0,(CONTRACTS OF 100 TROY OUNCES),088691,CMX ,88
GOLD - COMMODITY EXCHANGE INC.,240604,2024-06-04,088691,CMX ,1,88,447488,284566,47264,29697,83418,349349,397681,426310,49807,21178,447488,284566,47264,29697,83418,349349,397681,426310,49807,21178,0,0,0,0,0,0,0,0,0,0,  -37942,   -2171,   -2888,   -8287,  -25763,  -20782,  -36221,  -31957,   -1721,   -5985,100.0,63.6,10.6,6.6,18.6,78.1,88.9,95.3,11.1,4.7,100.0,63.6,10.6,6.6,18.6,78.1,88.9,95.3,11.1,4.7,0.0,0.0,0.0,0.0,0.0,0.0,0.0,0.0,0.0,0.0,311,183,63,78,40,51,255,163,311,183,63,78,40,51,255,163,0,0,0,0,0,0,0,0,17.1,42.5,26.3,58.7,17.0,40.4,25.8,56.2,17.1,42.5,26.3,58.7,17.0,40.4,25.8,56.2,0.0,0.0,0.0,0.0,0.0,0.0,0.0,0.0,(CONTRACTS OF 100 TROY OUNCES),088691,CMX ,88
GOLD - COMMODITY EXCHANGE INC.,240528,2024-05-28,088691,CMX ,1,88,485430,286737,50152,37984,109181,370131,433902,458267,51528,27163,485430,286737,50152,37984,109181,370131,433902,458267,51528,27163,0,0,0,0,0,0,0,0,0,0,  -45161,  -13992,  -20771,  -18100,   -9333,   -7046,  -41425,  -45917,   -3736,     756,100.0,59.1,10.3,7.8,22.5,76.2,89.4,94.4,10.6,5.6,100.0,59.1,10.3,7.8,22.5,76.2,89.4,94.4,10.6,5.6,0.0,0.0,0.0,0.0,0.0,0.0,0.0,0.0,0.0,0.0,316,187,63,81,39,56,261,167,316,187,63,81,39,56,261,167,0,0,0,0,0,0,0,0,16.0,37.5,25.5,53.6,15.5,35.0,24.3,50.6,16.0,37.5,25.5,53.6,15.5,35.0,24.3,50.6,0.0,0.0,0.0,0.0,0.0,0.0,0.0,0.0,(CONTRACTS OF 100 TROY OUNCES),088691,CMX ,88
GOLD - COMMODITY EXCHANGE INC.,240521,2024-05-21,088691,CMX ,1,88,530591,300729,70923,56084,118514,377177,475327,504184,55264,26407,530591,300729,70923,56084,118514,377177,475327,504184,55264,26407,0,0,0,0,0,0,0,0,0,0,    7639,   23087,   -2223,   -3010,  -15069,   11484,    5008,    6251,    2631,    1388,100.0,56.7,13.4,10.6,22.3,71.1,89.6,95.0,10.4,5.0,100.0,56.7,13.4,10.6,22.3,71.1,89.6,95.0,10.4,5.0,0.0,0.0,0.0,0.0,0.0,0.0,0.0,0.0,0.0,0.0,333,193,64,89,44,61,283,174,333,193,64,89,44,61,283,174,0,0,0,0,0,0,0,0,14.9,34.9,23.7,49.7,14.4,32.7,22.2,47.4,14.9,34.9,23.7,49.7,14.4,32.7,22.2,47.4,0.0,0.0,0.0,0.0,0.0,0.0,0.0,0.0,(CONTRACTS OF 100 TROY OUNCES),088691,CMX ,88
GOLD - COMMODITY EXCHANGE INC.,240514,2024-05-14,088691,CMX ,1,88,522952,277642,73146,59094,133583,365693,470319,497933,52633,25019,522952,277642,73146,59094,133583,365693,470319,497933,52633,25019,0,0,0,0,0,0,0,0,0,0,   -6883,    5498,     569,  -18997,    8684,   13528,   -4815,   -4900,   -2068,   -1983,100.0,53.1,14.0,11.3,25.5,69.9,89.9,95.2,10.1,4.8,100.0,53.1,14.0,11.3,25.5,69.9,89.9,95.2,10.1,4.8,0.0,0.0,0.0,0.0,0.0,0.0,0.0,0.0,0.0,0.0,338,194,71,88,46,55,279,180,338,194,71,88,46,55,279,180,0,0,0,0,0,0,0,0,16.5,36.4,26.8,50.5,14.3,31.2,22.0,45.1,16.5,36.4,26.8,50.5,14.3,31.2,22.0,45.1,0.0,0.0,0.0,0.0,0.0,0.0,0.0,0.0,(CONTRACTS OF 100 TROY OUNCES),088691,CMX ,88
GOLD - COMMODITY EXCHANGE INC.,240507,2024-05-07,088691,CMX ,1,88,529835,272144,72577,78091,124899,352165,475134,502833,54701,27002,529835,272144,72577,78091,124899,352165,475134,502833,54701,27002,0,0,0,0,0,0,0,0,0,0,   10044,   -6706,   -2063,   14349,   -2026,   -2258,    5617,   10028,    4427,      16,100.0,51.4,13.7,14.7,23.6,66.5,89.7,94.9,10.3,5.1,100.0,51.4,13.7,14.7,23.6,66.5,89.7,94.9,10.3,5.1,0.0,0.0,0.0,0.0,0.0,0.0,0.0,0.0,0.0,0.0,327,183,73,82,42,53,261,176,327,183,73,82,42,53,261,176,0,0,0,0,0,0,0,0,19.0,36.4,29.2,52.7,13.8,30.4,21.3,43.9,19.0,36.4,29.2,52.7,13.8,30.4,21.3,43.9,0.0,0.0,0.0,0.0,0.0,0.0,0.0,0.0,(CONTRACTS OF 100 TROY OUNCES),088691,CMX ,88
GOLD - COMMODITY EXCHANGE INC.,240430,2024-04-30,088691,CMX ,1,88,519791,278850,74640,63742,126925,354423,469517,492805,50274,26986,519791,278850,74640,63742,126925,354423,469517,492805,50274,26986,0,0,0,0,0,0,0,0,0,0,    3542,    -685,   -2004,    5025,   -2158,   -1532,    2182,    1489,    1360,    2053,100.0,53.6,14.4,12.3,24.4,68.2,90.3,94.8,9.7,5.2,100.0,53.6,14.4,12.3,24.4,68.2,90.3,94.8,9.7,5.2,0.0,0.0,0.0,0.0,0.0,0.0,0.0,0.0,0.0,0.0,326,189,66,89,42,56,261,184,326,189,66,89,42,56,261,184,0,0,0,0,0,0,0,0,18.3,36.0,28.6,51.8,14.2,30.1,22.0,44.2,18.3,36.0,28.6,51.8,14.2,30.1,22.0,44.2,0.0,0.0,0.0,0.0,0.0,0.0,0.0,0.0,(CONTRACTS OF 100 TROY OUNCES),088691,CMX ,88
GOLD - COMMODITY EXCHANGE INC.,240423,2024-04-23,088691,CMX ,1,88,516249,279535,76644,58717,129083,355955,467335,491316,48914,24933,516249,279535,76644,58717,129083,355955,467335,491316,48914,24933,0,0,0,0,0,0,0,0,0,0,    -944,     758,    -210,    3230,   -3601,     513,     387,    3533,   -1331,   -4477,100.0,54.1,14.8,11.4,25.0,69.0,90.5,95.2,9.5,4.8,100.0,54.1,14.8,11.4,25.0,69.0,90.5,95.2,9.5,4.8,0.0,0.0,0.0,0.0,0.0,0.0,0.0,0.0,0.0,0.0,334,188,68,84,45,57,260,187,334,188,68,84,45,57,260,187,0,0,0,0,0,0,0,0,18.3,36.6,28.4,52.4,13.7,30.7,21.8,45.0,18.3,36.6,28.4,52.4,13.7,30.7,21.8,45.0,0.0,0.0,0.0,0.0,0.0,0.0,0.0,0.0,(CONTRACTS OF 100 TROY OUNCES),088691,CMX ,88
GOLD - COMMODITY EXCHANGE INC.,240416,2024-04-16,088691,CMX ,1,88,517193,278777,76854,55487,132684,355442,466948,487783,50245,29410,517193,278777,76854,55487,132684,355442,466948,487783,50245,29410,0,0,0,0,0,0,0,0,0,0,   11979,   -1022,    -526,    9725,    4590,    2766,   13293,   11965,   -1314,      14,100.0,53.9,14.9,10.7,25.7,68.7,90.3,94.3,9.7,5.7,100.0,53.9,14.9,10.7,25.7,68.7,90.3,94.3,9.7,5.7,0.0,0.0,0.0,0.0,0.0,0.0,0.0,0.0,0.0,0.0,340,186,77,80,48,61,268,186,340,186,77,80,48,61,268,186,0,0,0,0,0,0,0,0,17.0,36.0,27.0,51.1,13.5,30.2,21.3,44.6,17.0,36.0,27.0,51.1,13.5,30.2,21.3,44.6,0.0,0.0,0.0,0.0,0.0,0.0,0.0,0.0,(CONTRACTS OF 100 TROY OUNCES),088691,CMX ,88
GOLD - COMMODITY EXCHANGE INC.,240409,2024-04-09,088691,CMX ,1,88,505214,279799,77380,45762,128094,352676,453655,475818,51559,29396,505214,279799,77380,45762,128094,352676,453655,475818,51559,29396,0,0,0,0,0,0,0,0,0,0,    5169,   -1600,    3231,    3161,     980,    -152,    2541,    6240,    2628,   -1071,100.0,55.4,15.3,9.1,25.4,69.8,89.8,94.2,10.2,5.8,100.0,55.4,15.3,9.1,25.4,69.8,89.8,94.2,10.2,5.8,0.0,0.0,0.0,0.0,0.0,0.0,0.0,0.0,0.0,0.0,335,177,80,81,46,62,258,191,335,177,80,81,46,62,258,191,0,0,0,0,0,0,0,0,16.7,36.0,27.0,51.5,13.6,30.6,22.5,45.5,16.7,36.0,27.0,51.5,13.6,30.6,22.5,45.5,0.0,0.0,0.0,0.0,0.0,0.0,0.0,0.0,(CONTRACTS OF 100 TROY OUNCES),088691,CMX ,88
GOLD - COMMODITY EXCHANGE INC.,240402,2024-04-02,088691,CMX ,1,88,500045,281399,74149,42601,127114,352828,451114,469578,48931,30467,500045,281399,74149,42601,127114,352828,451114,469578,48931,30467,0,0,0,0,0,0,0,0,0,0,   -3597,   15752,    7796,   -5616,  -14660,   -7286,   -4524,   -5106,     927,    1509,100.0,56.3,14.8,8.5,25.4,70.6,90.2,93.9,9.8,6.1,100.0,56.3,14.8,8.5,25.4,70.6,90.2,93.9,9.8,6.1,0.0,0.0,0.0,0.0,0.0,0.0,0.0,0.0,0.0,0.0,348,188,84,79,44,61,271,188,348,188,84,79,44,61,271,188,0,0,0,0,0,0,0,0,15.9,35.9,26.6,51.8,13.2,30.6,22.4,45.5,15.9,35.9,26.6,51.8,13.2,30.6,22.4,45.5,0.0,0.0,0.0,0.0,0.0,0.0,0.0,0.0,(CONTRACTS OF 100 TROY OUNCES),088691,CMX ,88
GOLD - COMMODITY EXCHANGE INC.,240326,2024-03-26,088691,CMX ,1,88,503642,265647,66353,48217,141774,360114,455638,474684,48004,28958,503642,265647,66353,48217,141774,360114,455638,474684,48004,28958,0,0,0,0,0,0,0,0,0,0,  -31405,  -13085,  -10777,  -20865,    3672,    4482,  -30278,  -27160,   -1127,   -4245,100.0,52.7,13.2,9.6,28.1,71.5,90.5,94.3,9.5,5.7,100.0,52.7,13.2,9.6,28.1,71.5,90.5,94.3,9.5,5.7,0.0,0.0,0.0,0.0,0.0,0.0,0.0,0.0,0.0,0.0,332,186,69,80,51,61,270,179,332,186,69,80,51,61,270,179,0,0,0,0,0,0,0,0,14.9,36.8,25.6,52.8,12.6,31.4,21.4,45.1,14.9,36.8,25.6,52.8,12.6,31.4,21.4,45.1,0.0,0.0,0.0,0.0,0.0,0.0,0.0,0.0,(CONTRACTS OF 100 TROY OUNCES),088691,CMX ,88
GOLD - COMMODITY EXCHANGE INC.,240319,2024-03-19,088691,CMX ,1,88,535047,278732,77130,69082,138102,355632,485916,501844,49131,33203,535047,278732,77130,69082,138102,355632,485916,501844,49131,33203,0,0,0,0,0,0,0,0,0,0,   18990,   -4330,   -4330,   13511,    8670,    7927,   17851,   17108,    1139,    1882,100.0,52.1,14.4,12.9,25.8,66.5,90.8,93.8,9.2,6.2,100.0,52.1,14.4,12.9,25.8,66.5,90.8,93.8,9.2,6.2,0.0,0.0,0.0,0.0,0.0,0.0,0.0,0.0,0.0,0.0,340,176,88,90,48,61,265,201,340,176,88,90,48,61,265,201,0,0,0,0,0,0,0,0,14.3,33.6,24.9,47.4,12.2,28.5,20.4,40.7,14.3,33.6,24.9,47.4,12.2,28.5,20.4,40.7,0.0,0.0,0.0,0.0,0.0,0.0,0.0,0.0,(CONTRACTS OF 100 TROY OUNCES),088691,CMX ,88
GOLD - COMMODITY EXCHANGE INC.,240312,2024-03-12,088691,CMX ,1,88,516057,283062,81460,55571,129432,347705,468065,484736,47992,31321,516057,283062,81460,55571,129432,347705,468065,484736,47992,31321,0,0,0,0,0,0,0,0,0,0,   44441,   18914,    8605,   -3092,   25409,   36890,   41231,   42403,    3210,    2038,100.0,54.9,15.8,10.8,25.1,67.4,90.7,93.9,9.3,6.1,100.0,54.9,15.8,10.8,25.1,67.4,90.7,93.9,9.3,6.1,0.0,0.0,0.0,0.0,0.0,0.0,0.0,0.0,0.0,0.0,342,184,85,84,42,59,262,195,342,184,85,84,42,59,262,195,0,0,0,0,0,0,0,0,14.4,33.5,24.1,48.0,12.3,28.2,20.8,41.0,14.4,33.5,24.1,48.0,12.3,28.2,20.8,41.0,0.0,0.0,0.0,0.0,0.0,0.0,0.0,0.0,(CONTRACTS OF 100 TROY OUNCES),088691,CMX ,88
GOLD - COMMODITY EXCHANGE INC.,240305,2024-03-05,088691,CMX ,1,88,471616,264148,72855,58663,104023,310815,426834,442333,44782,29283,471616,264148,72855,58663,104023,310815,426834,442333,44782,29283,0,0,0,0,0,0,0,0,0,0,   60421,   49200,    -457,    9791,   -4409,   44031,   54582,   53365,    5839,    7056,100.0,56.0,15.4,12.4,22.1,65.9,90.5,93.8,9.5,6.2,100.0,56.0,15.4,12.4,22.1,65.9,90.5,93.8,9.5,6.2,0.0,0.0,0.0,0.0,0.0,0.0,0.0,0.0,0.0,0.0,342,182,87,89,46,56,274,188,342,182,87,89,46,56,274,188,0,0,0,0,0,0,0,0,12.9,29.5,22.5,45.5,12.9,28.0,21.9,42.8,12.9,29.5,22.5,45.5,12.9,28.0,21.9,42.8,0.0,0.0,0.0,0.0,0.0,0.0,0.0,0.0,(CONTRACTS OF 100 TROY OUNCES),088691,CMX ,88
GOLD - COMMODITY EXCHANGE INC.,240227,2024-02-27,088691,CMX ,1,88,411195,214948,73312,48872,108432,266784,372252,388968,38943,22227,411195,214948,73312,48872,108432,266784,372252,388968,38943,22227,0,0,0,0,0,0,0,0,0,0,    4132,    3914,    2540,    1108,    2013,     954,    7035,    4602,   -2903,    -470,100.0,52.3,17.8,11.9,26.4,64.9,90.5,94.6,9.5,5.4,100.0,52.3,17.8,11.9,26.4,64.9,90.5,94.6,9.5,5.4,0.0,0.0,0.0,0.0,0.0,0.0,0.0,0.0,0.0,0.0,320,170,79,93,49,53,262,186,320,170,79,93,49,53,262,186,0,0,0,0,0,0,0,0,14.1,30.0,24.1,47.1,14.0,27.9,23.8,43.8,14.1,30.0,24.1,47.1,14.0,27.9,23.8,43.8,0.0,0.0,0.0,0.0,0.0,0.0,0.0,0.0,(CONTRACTS OF 100 TROY OUNCES),088691,CMX ,88
GOLD - COMMODITY EXCHANGE INC.,240220,2024-02-20,088691,CMX ,1,88,407063,211034,70772,47764,106419,265830,365217,384366,41846,22697,407063,211034,70772,47764,106419,265830,365217,384366,41846,22697,0,0,0,0,0,0,0,0,0,0,  -13749,   -6471,  -15565,   -1786,   -3110,    3321,  -11367,  -14030,   -2382,     281,100.0,51.8,17.4,11.7,26.1,65.3,89.7,94.4,10.3,5.6,100.0,51.8,17.4,11.7,26.1,65.3,89.7,94.4,10.3,5.6,0.0,0.0,0.0,0.0,0.0,0.0,0.0,0.0,0.0,0.0,308,169,73,87,48,52,254,177,308,169,73,87,48,52,254,177,0,0,0,0,0,0,0,0,14.2,31.8,24.1,49.1,14.2,29.9,23.6,46.4,14.2,31.8,24.1,49.1,14.2,29.9,23.6,46.4,0.0,0.0,0.0,0.0,0.0,0.0,0.0,0.0,(CONTRACTS OF 100 TROY OUNCES),088691,CMX ,88
GOLD - COMMODITY EXCHANGE INC.,240213,2024-02-13,088691,CMX ,1,88,420812,217505,86337,49550,109529,262509,376584,398396,44228,22416,420812,217505,86337,49550,109529,262509,376584,398396,44228,22416,0,0,0,0,0,0,0,0,0,0,    1691,  -11118,   19452,    5259,    5185,  -22076,    -674,    2635,    2365,    -944,100.0,51.7,20.5,11.8,26.0,62.4,89.5,94.7,10.5,5.3,100.0,51.7,20.5,11.8,26.0,62.4,89.5,94.7,10.5,5.3,0.0,0.0,0.0,0.0,0.0,0.0,0.0,0.0,0.0,0.0,309,159,79,91,51,53,254,183,309,159,79,91,51,53,254,183,0,0,0,0,0,0,0,0,13.6,31.3,23.4,48.1,13.5,29.0,23.1,44.8,13.6,31.3,23.4,48.1,13.5,29.0,23.1,44.8,0.0,0.0,0.0,0.0,0.0,0.0,0.0,0.0,(CONTRACTS OF 100 TROY OUNCES),088691,CMX ,88
GOLD - COMMODITY EXCHANGE INC.,240206,2024-02-06,088691,CMX ,1,88,419121,228623,66885,44291,104344,284585,377258,395761,41863,23360,419121,228623,66885,44291,104344,284585,377258,395761,41863,23360,0,0,0,0,0,0,0,0,0,0,  -11207,    9401,   -4546,   -3926,  -13181,   -3458,   -7706,  -11930,   -3501,     723,100.0,54.5,16.0,10.6,24.9,67.9,90.0,94.4,10.0,5.6,100.0,54.5,16.0,10.6,24.9,67.9,90.0,94.4,10.0,5.6,0.0,0.0,0.0,0.0,0.0,0.0,0.0,0.0,0.0,0.0,305,172,64,80,47,51,251,166,305,172,64,80,47,51,251,166,0,0,0,0,0,0,0,0,14.0,33.9,24.1,52.2,13.9,31.7,24.0,49.0,14.0,33.9,24.1,52.2,13.9,31.7,24.0,49.0,0.0,0.0,0.0,0.0,0.0,0.0,0.0,0.0,(CONTRACTS OF 100 TROY OUNCES),088691,CMX ,88
GOLD - COMMODITY EXCHANGE INC.,240130,2024-01-30,088691,CMX ,1,88,430328,219222,71431,48217,117525,288043,384964,407691,45364,22637,430328,219222,71431,48217,117525,288043,384964,407691,45364,22637,0,0,0,0,0,0,0,0,0,0,  -35544,  -21878,    -195,  -17817,    4431,  -17144,  -35264,  -35156,    -280,    -388,100.0,50.9,16.6,11.2,27.3,66.9,89.5,94.7,10.5,5.3,100.0,50.9,16.6,11.2,27.3,66.9,89.5,94.7,10.5,5.3,0.0,0.0,0.0,0.0,0.0,0.0,0.0,0.0,0.0,0.0,300,169,62,78,49,53,251,162,300,169,62,78,49,53,251,162,0,0,0,0,0,0,0,0,13.4,32.8,23.2,51.1,13.4,30.8,22.9,46.1,13.4,32.8,23.2,51.1,13.4,30.8,22.9,46.1,0.0,0.0,0.0,0.0,0.0,0.0,0.0,0.0,(CONTRACTS OF 100 TROY OUNCES),088691,CMX ,88
GOLD - COMMODITY EXCHANGE INC.,240123,2024-01-23,088691,CMX ,1,88,465872,241100,71626,66034,113094,305187,420228,442847,45644,23025,465872,241100,71626,66034,113094,305187,420228,442847,45644,23025,0,0,0,0,0,0,0,0,0,0,  -23462,  -21260,  -10841,   -2013,    3807,  -11520,  -19466,  -24374,   -3996,     912,100.0,51.8,15.4,14.2,24.3,65.5,90.2,95.1,9.8,4.9,100.0,51.8,15.4,14.2,24.3,65.5,90.2,95.1,9.8,4.9,0.0,0.0,0.0,0.0,0.0,0.0,0.0,0.0,0.0,0.0,302,165,67,98,52,53,261,179,302,165,67,98,52,53,261,179,0,0,0,0,0,0,0,0,15.0,33.3,24.1,49.8,14.8,31.8,23.5,46.8,15.0,33.3,24.1,49.8,14.8,31.8,23.5,46.8,0.0,0.0,0.0,0.0,0.0,0.0,0.0,0.0,(CONTRACTS OF 100 TROY OUNCES),088691,CMX ,88
GOLD - COMMODITY EXCHANGE INC.,240116,2024-01-16,088691,CMX ,1,88,489334,262360,82467,68047,109287,316707,439694,467221,49640,22113,489334,262360,82467,68047,109287,316707,439694,467221,49640,22113,0,0,0,0,0,0,0,0,0,0,    -515,   -9305,    -584,    6926,    2798,   -7483,     419,   -1141,    -934,     626,100.0,53.6,16.9,13.9,22.3,64.7,89.9,95.5,10.1,4.5,100.0,53.6,16.9,13.9,22.3,64.7,89.9,95.5,10.1,4.5,0.0,0.0,0.0,0.0,0.0,0.0,0.0,0.0,0.0,0.0,308,169,69,96,49,50,258,180,308,169,69,96,49,50,258,180,0,0,0,0,0,0,0,0,14.3,32.6,22.9,48.8,14.1,31.5,22.4,46.0,14.3,32.6,22.9,48.8,14.1,31.5,22.4,46.0,0.0,0.0,0.0,0.0,0.0,0.0,0.0,0.0,(CONTRACTS OF 100 TROY OUNCES),088691,CMX ,88
GOLD - COMMODITY EXCHANGE INC.,240109,2024-01-09,088691,CMX ,1,88,489849,271665,83051,61121,106489,324190,439275,468362,50574,21487,489849,271665,83051,61121,106489,324190,439275,468362,50574,21487,0,0,0,0,0,0,0,0,0,0,  -10515,  -19041,      -6,    9467,   -2315,  -20092,  -11889,  -10631,    1374,     116,100.0,55.5,17.0,12.5,21.7,66.2,89.7,95.6,10.3,4.4,100.0,55.5,17.0,12.5,21.7,66.2,89.7,95.6,10.3,4.4,0.0,0.0,0.0,0.0,0.0,0.0,0.0,0.0,0.0,0.0,309,174,68,91,46,47,260,170,309,174,68,91,46,47,260,170,0,0,0,0,0,0,0,0,14.3,33.0,23.5,49.7,14.2,32.1,22.7,47.3,14.3,33.0,23.5,49.7,14.2,32.1,22.7,47.3,0.0,0.0,0.0,0.0,0.0,0.0,0.0,0.0,(CONTRACTS OF 100 TROY OUNCES),088691,CMX ,88
GOLD - COMMODITY EXCHANGE INC.,240102,2024-01-02,088691,CMX ,1,88,500364,290706,83057,51654,108804,344282,451164,478993,49200,21371,500364,290706,83057,51654,108804,344282,451164,478993,49200,21371,0,0,0,0,0,0,0,0,0,0,    9021,     863,     932,    4141,    2853,    5986,    7857,   11059,    1164,   -2038,100.0,58.1,16.6,10.3,21.7,68.8,90.2,95.7,9.8,4.3,100.0,58.1,16.6,10.3,21.7,68.8,90.2,95.7,9.8,4.3,0.0,0.0,0.0,0.0,0.0,0.0,0.0,0.0,0.0,0.0,319,179,66,88,51,54,270,173,319,179,66,88,51,54,270,173,0,0,0,0,0,0,0,0,14.0,32.9,23.0,50.3,13.8,31.6,22.2,46.5,14.0,32.9,23.0,50.3,13.8,31.6,22.2,46.5,0.0,0.0,0.0,0.0,0.0,0.0,0.0,0.0,(CONTRACTS OF 100 TROY OUNCES),088691,CMX ,88
GOLD - COMMODITY EXCHANGE INC.,251230,2025-12-30,088691,CMX ,1,88,481866,275592,44419,63803,82254,357500,421649,465722,60217,16144,481866,275592,44419,63803,82254,357500,421649,465722,60217,16144,0,0,0,0,0,0,0,0,0,0,  -10237,  -14569,   -5042,     -36,    6419,   -1861,   -8186,   -6939,   -2051,   -3298,100.0,57.2,9.2,13.2,17.1,74.2,87.5,96.6,12.5,3.4,100.0,57.2,9.2,13.2,17.1,74.2,87.5,96.6,12.5,3.4,0.0,0.0,0.0,0.0,0.0,0.0,0.0,0.0,0.0,0.0,304,187,50,67,51,45,263,140,304,187,50,67,51,45,263,140,0,0,0,0,0,0,0,0,14.9,35.3,26.6,52.4,12.5,33.5,21.9,48.7,14.9,35.3,26.6,52.4,12.5,33.5,21.9,48.7,0.0,0.0,0.0,0.0,0.0,0.0,0.0,0.0,(CONTRACTS OF 100 TROY OUNCES),088691,CMX ,88
GOLD - COMMODITY EXCHANGE INC.,251223,2025-12-23,088691,CMX ,1,88,492103,290161,49461,63839,75835,359361,429835,472661,62268,19442,492103,290161,49461,63839,75835,359361,429835,472661,62268,19442,0,0,0,0,0,0,0,0,0,0,   21010,    9241,    2519,    7116,    1180,   10348,   17537,   19983,    3473,    1027,100.0,59.0,10.1,13.0,15.4,73.0,87.3,96.0,12.7,4.0,100.0,59.0,10.1,13.0,15.4,73.0,87.3,96.0,12.7,4.0,0.0,0.0,0.0,0.0,0.0,0.0,0.0,0.0,0.0,0.0,320,201,53,63,46,49,272,142,320,201,53,63,46,49,272,142,0,0,0,0,0,0,0,0,13.9,34.2,25.2,51.0,12.4,33.0,21.5,48.3,13.9,34.2,25.2,51.0,12.4,33.0,21.5,48.3,0.0,0.0,0.0,0.0,0.0,0.0,0.0,0.0,(CONTRACTS OF 100 TROY OUNCES),088691,CMX ,88
GOLD - COMMODITY EXCHANGE INC.,251216,2025-12-16,088691,CMX ,1,88,471093,280920,46942,56723,74655,349013,412298,452678,58795,18415,471093,280920,46942,56723,74655,349013,412298,452678,58795,18415,0,0,0,0,0,0,0,0,0,0,   38524,   12435,    2343,   11831,   10948,   22727,   35214,   36901,    3310,    1623,100.0,59.6,10.0,12.0,15.8,74.1,87.5,96.1,12.5,3.9,100.0,59.6,10.0,12.0,15.8,74.1,87.5,96.1,12.5,3.9,0.0,0.0,0.0,0.0,0.0,0.0,0.0,0.0,0.0,0.0,333,209,55,74,49,51,286,154,333,209,55,74,49,51,286,154,0,0,0,0,0,0,0,0,14.3,33.7,26.5,50.5,13.8,32.3,23.6,48.2,14.3,33.7,26.5,50.5,13.8,32.3,23.6,48.2,0.0,0.0,0.0,0.0,0.0,0.0,0.0,0.0,(CONTRACTS OF 100 TROY OUNCES),088691,CMX ,88
GOLD - COMMODITY EXCHANGE INC.,251209,2025-12-09,088691,CMX ,1,88,432569,268485,44599,44892,63707,326286,377084,415777,55485,16792,432569,268485,44599,44892,63707,326286,377084,415777,55485,16792,0,0,0,0,0,0,0,0,0,0,   14079,    7154,     828,    3692,    3560,   10791,   14406,   15311,    -327,   -1232,100.0,62.1,10.3,10.4,14.7,75.4,87.2,96.1,12.8,3.9,100.0,62.1,10.3,10.4,14.7,75.4,87.2,96.1,12.8,3.9,0.0,0.0,0.0,0.0,0.0,0.0,0.0,0.0,0.0,0.0,317,206,42,69,44,50,273,142,317,206,42,69,44,50,273,142,0,0,0,0,0,0,0,0,15.1,35.3,27.7,51.1,14.9,34.1,25.2,49.3,15.1,35.3,27.7,51.1,14.9,34.1,25.2,49.3,0.0,0.0,0.0,0.0,0.0,0.0,0.0,0.0,(CONTRACTS OF 100 TROY OUNCES),088691,CMX ,88
GOLD - COMMODITY EXCHANGE INC.,251202,2025-12-02,088691,CMX ,1,88,418490,261331,43771,41200,60147,315495,362678,400466,55812,18024,418490,261331,43771,41200,60147,315495,362678,400466,55812,18024,0,0,0,0,0,0,0,0,0,0,  -14456,    8065,   -4907,   -2050,  -22510,   -8565,  -16495,  -15522,    2039,    1066,100.0,62.4,10.5,9.8,14.4,75.4,86.7,95.7,13.3,4.3,100.0,62.4,10.5,9.8,14.4,75.4,86.7,95.7,13.3,4.3,0.0,0.0,0.0,0.0,0.0,0.0,0.0,0.0,0.0,0.0,306,200,42,69,45,50,267,143,306,200,42,69,45,50,267,143,0,0,0,0,0,0,0,0,15.7,35.5,27.7,51.3,15.5,34.3,25.9,49.7,15.7,35.5,27.7,51.3,15.5,34.3,25.9,49.7,0.0,0.0,0.0,0.0,0.0,0.0,0.0,0.0,(CONTRACTS OF 100 TROY OUNCES),088691,CMX ,88
GOLD - COMMODITY EXCHANGE INC.,251125,2025-11-25,088691,CMX ,1,88,432946,253266,48678,43250,82657,324060,379173,415988,53773,16958,432946,253266,48678,43250,82657,324060,379173,415988,53773,16958,0,0,0,0,0,0,0,0,0,0,  -39007,  -16290,  -10539,   -7907,  -14344,  -18526,  -38541,  -36972,    -466,   -2035,100.0,58.5,11.2,10.0,19.1,74.8,87.6,96.1,12.4,3.9,100.0,58.5,11.2,10.0,19.1,74.8,87.6,96.1,12.4,3.9,0.0,0.0,0.0,0.0,0.0,0.0,0.0,0.0,0.0,0.0,301,192,44,72,44,50,259,147,301,192,44,72,44,50,259,147,0,0,0,0,0,0,0,0,15.2,33.2,26.8,49.5,14.9,31.8,25.1,46.7,15.2,33.2,26.8,49.5,14.9,31.8,25.1,46.7,0.0,0.0,0.0,0.0,0.0,0.0,0.0,0.0,(CONTRACTS OF 100 TROY OUNCES),088691,CMX ,88
GOLD - COMMODITY EXCHANGE INC.,251118,2025-11-18,088691,CMX ,1,88,471953,269556,59217,51157,97001,342586,417714,452960,54239,18993,471953,269556,59217,51157,97001,342586,417714,452960,54239,18993,0,0,0,0,0,0,0,0,0,0,   11956,    3640,     370,     894,    9925,   10687,   14459,   11951,   -2503,       5,100.0,57.1,12.5,10.8,20.6,72.6,88.5,96.0,11.5,4.0,100.0,57.1,12.5,10.8,20.6,72.6,88.5,96.0,11.5,4.0,0.0,0.0,0.0,0.0,0.0,0.0,0.0,0.0,0.0,0.0,323,198,50,81,51,57,275,167,323,198,50,81,51,57,275,167,0,0,0,0,0,0,0,0,15.5,30.9,26.1,46.2,14.4,29.6,23.4,44.2,15.5,30.9,26.1,46.2,14.4,29.6,23.4,44.2,0.0,0.0,0.0,0.0,0.0,0.0,0.0,0.0,(CONTRACTS OF 100 TROY OUNCES),088691,CMX ,88
GOLD - COMMODITY EXCHANGE INC.,251110,2025-11-10,088691,CMX ,1,88,459997,265916,58847,50263,87076,331899,403255,441009,56742,18988,459997,265916,58847,50263,87076,331899,403255,441009,56742,18988,0,0,0,0,0,0,0,0,0,0,    9598,    9344,    4582,   -1548,   -1279,    7002,    6517,   10036,    3081,    -438,100.0,57.8,12.8,10.9,18.9,72.2,87.7,95.9,12.3,4.1,100.0,57.8,12.8,10.9,18.9,72.2,87.7,95.9,12.3,4.1,0.0,0.0,0.0,0.0,0.0,0.0,0.0,0.0,0.0,0.0,317,191,52,75,52,52,272,155,317,191,52,75,52,52,272,155,0,0,0,0,0,0,0,0,14.9,31.3,25.3,47.7,14.7,30.1,23.8,44.6,14.9,31.3,25.3,47.7,14.7,30.1,23.8,44.6,0.0,0.0,0.0,0.0,0.0,0.0,0.0,0.0,(CONTRACTS OF 100 TROY OUNCES),088691,CMX ,88
GOLD - COMMODITY EXCHANGE INC.,251104,2025-11-04,088691,CMX ,1,88,450399,256572,54265,51811,88355,324897,396738,430973,53661,19426,450399,256572,54265,51811,88355,324897,396738,430973,53661,19426,0,0,0,0,0,0,0,0,0,0,   -6723,   -9736,   -7379,    3392,   -1298,   -1783,   -7642,   -5770,     919,    -953,100.0,57.0,12.0,11.5,19.6,72.1,88.1,95.7,11.9,4.3,100.0,57.0,12.0,11.5,19.6,72.1,88.1,95.7,11.9,4.3,0.0,0.0,0.0,0.0,0.0,0.0,0.0,0.0,0.0,0.0,312,184,55,75,52,53,267,155,312,184,55,75,52,53,267,155,0,0,0,0,0,0,0,0,15.5,32.1,26.8,48.5,15.3,30.5,24.8,44.9,15.5,32.1,26.8,48.5,15.3,30.5,24.8,44.9,0.0,0.0,0.0,0.0,0.0,0.0,0.0,0.0,(CONTRACTS OF 100 TROY OUNCES),088691,CMX ,88
GOLD - COMMODITY EXCHANGE INC.,251028,2025-10-28,088691,CMX ,1,88,457122,266308,61644,48419,89653,326680,404380,436743,52742,20379,457122,266308,61644,48419,89653,326680,404380,436743,52742,20379,0,0,0,0,0,0,0,0,0,0,  -15299,   12457,  -15598,   -6383,  -18194,    8716,  -12120,  -13265,   -3179,   -2034,100.0,58.3,13.5,10.6,19.6,71.5,88.5,95.5,11.5,4.5,100.0,58.3,13.5,10.6,19.6,71.5,88.5,95.5,11.5,4.5,0.0,0.0,0.0,0.0,0.0,0.0,0.0,0.0,0.0,0.0,325,193,59,70,50,53,274,154,325,193,59,70,50,53,274,154,0,0,0,0,0,0,0,0,15.3,31.7,26.6,48.3,15.2,30.1,24.7,44.8,15.3,31.7,26.6,48.3,15.2,30.1,24.7,44.8,0.0,0.0,0.0,0.0,0.0,0.0,0.0,0.0,(CONTRACTS OF 100 TROY OUNCES),088691,CMX ,88
GOLD - COMMODITY EXCHANGE INC.,251021,2025-10-21,088691,CMX ,1,88,472421,253851,77242,54802,107847,317964,416500,450008,55921,22413,472421,253851,77242,54802,107847,317964,416500,450008,55921,22413,0,0,0,0,0,0,0,0,0,0,  -13367,  -24554,    2753,   -1295,   15820,  -10930,  -10029,   -9472,   -3338,   -3895,100.0,53.7,16.4,11.6,22.8,67.3,88.2,95.3,11.8,4.7,100.0,53.7,16.4,11.6,22.8,67.3,88.2,95.3,11.8,4.7,0.0,0.0,0.0,0.0,0.0,0.0,0.0,0.0,0.0,0.0,334,185,76,75,51,52,268,174,334,185,76,75,51,52,268,174,0,0,0,0,0,0,0,0,16.3,31.0,27.9,46.0,15.6,29.4,25.4,42.0,16.3,31.0,27.9,46.0,15.6,29.4,25.4,42.0,0.0,0.0,0.0,0.0,0.0,0.0,0.0,0.0,(CONTRACTS OF 100 TROY OUNCES),088691,CMX ,88
GOLD - COMMODITY EXCHANGE INC.,251014,2025-10-14,088691,CMX ,1,88,485788,278405,74489,56097,92027,328894,426529,459480,59259,26308,485788,278405,74489,56097,92027,328894,426529,459480,59259,26308,0,0,0,0,0,0,0,0,0,0,     229,  -22393,    5647,    5509,   14428,  -12477,   -2456,   -1321,    2685,    1550,100.0,57.3,15.3,11.5,18.9,67.7,87.8,94.6,12.2,5.4,100.0,57.3,15.3,11.5,18.9,67.7,87.8,94.6,12.2,5.4,0.0,0.0,0.0,0.0,0.0,0.0,0.0,0.0,0.0,0.0,335,203,63,74,49,53,278,167,335,203,63,74,49,53,278,167,0,0,0,0,0,0,0,0,15.8,30.5,27.0,46.1,15.1,29.1,24.9,43.9,15.8,30.5,27.0,46.1,15.1,29.1,24.9,43.9,0.0,0.0,0.0,0.0,0.0,0.0,0.0,0.0,(CONTRACTS OF 100 TROY OUNCES),088691,CMX ,88
GOLD - COMMODITY EXCHANGE INC.,251007,2025-10-07,088691,CMX ,1,88,485559,300798,68842,50588,77599,341371,428985,460801,56574,24758,485559,300798,68842,50588,77599,341371,428985,460801,56574,24758,0,0,0,0,0,0,0,0,0,0,   -8189,  -18006,    2946,    2040,    8727,  -15737,   -7239,  -10751,    -950,    2562,100.0,61.9,14.2,10.4,16.0,70.3,88.3,94.9,11.7,5.1,100.0,61.9,14.2,10.4,16.0,70.3,88.3,94.9,11.7,5.1,0.0,0.0,0.0,0.0,0.0,0.0,0.0,0.0,0.0,0.0,353,211,69,69,47,54,286,168,353,211,69,69,47,54,286,168,0,0,0,0,0,0,0,0,15.3,32.1,26.9,47.9,14.7,31.0,25.0,46.4,15.3,32.1,26.9,47.9,14.7,31.0,25.0,46.4,0.0,0.0,0.0,0.0,0.0,0.0,0.0,0.0,(CONTRACTS OF 100 TROY OUNCES),088691,CMX ,88
GOLD - COMMODITY EXCHANGE INC.,250930,2025-09-30,088691,CMX ,1,88,493748,318804,65896,48548,68872,357108,436224,471552,57524,22196,493748,318804,65896,48548,68872,357108,436224,471552,57524,22196,0,0,0,0,0,0,0,0,0,0,  -35041,  -14004,    -163,   -6779,  -14099,  -24266,  -34882,  -31208,    -159,   -3833,100.0,64.6,13.3,9.8,13.9,72.3,88.3,95.5,11.7,4.5,100.0,64.6,13.3,9.8,13.9,72.3,88.3,95.5,11.7,4.5,0.0,0.0,0.0,0.0,0.0,0.0,0.0,0.0,0.0,0.0,351,212,66,74,48,55,288,171,351,212,66,74,48,55,288,171,0,0,0,0,0,0,0,0,15.0,32.8,26.7,50.1,14.8,31.6,25.3,48.7,15.0,32.8,26.7,50.1,14.8,31.6,25.3,48.7,0.0,0.0,0.0,0.0,0.0,0.0,0.0,0.0,(CONTRACTS OF 100 TROY OUNCES),088691,CMX ,88
GOLD - COMMODITY EXCHANGE INC.,250923,2025-09-23,088691,CMX ,1,88,528789,332808,66059,55327,82971,381374,471106,502760,57683,26029,528789,332808,66059,55327,82971,381374,471106,502760,57683,26029,0,0,0,0,0,0,0,0,0,0,   12568,    6030,    5691,    4623,    5104,    1136,   15757,   11450,   -3189,    1118,100.0,62.9,12.5,10.5,15.7,72.1,89.1,95.1,10.9,4.9,100.0,62.9,12.5,10.5,15.7,72.1,89.1,95.1,10.9,4.9,0.0,0.0,0.0,0.0,0.0,0.0,0.0,0.0,0.0,0.0,359,213,70,87,51,61,300,186,359,213,70,87,51,61,300,186,0,0,0,0,0,0,0,0,16.0,30.1,26.8,48.6,15.2,29.2,25.1,47.4,16.0,30.1,26.8,48.6,15.2,29.2,25.1,47.4,0.0,0.0,0.0,0.0,0.0,0.0,0.0,0.0,(CONTRACTS OF 100 TROY OUNCES),088691,CMX ,88
GOLD - COMMODITY EXCHANGE INC.,250916,2025-09-16,088691,CMX ,1,88,516221,326778,60368,50704,77867,380238,455349,491310,60872,24911,516221,326778,60368,50704,77867,380238,455349,491310,60872,24911,0,0,0,0,0,0,0,0,0,0,    6596,    1903,   -2767,   -1206,    4017,   33013,    4714,   29040,    1882,  -22444,100.0,63.3,11.7,9.8,15.1,73.7,88.2,95.2,11.8,4.8,100.0,63.3,11.7,9.8,15.1,73.7,88.2,95.2,11.8,4.8,0.0,0.0,0.0,0.0,0.0,0.0,0.0,0.0,0.0,0.0,350,211,63,89,50,60,297,180,350,211,63,89,50,60,297,180,0,0,0,0,0,0,0,0,16.2,30.6,26.6,49.9,15.6,29.6,25.0,48.6,16.2,30.6,26.6,49.9,15.6,29.6,25.0,48.6,0.0,0.0,0.0,0.0,0.0,0.0,0.0,0.0,(CONTRACTS OF 100 TROY OUNCES),088691,CMX ,88
GOLD - COMMODITY EXCHANGE INC.,250909,2025-09-09,088691,CMX ,1,88,509625,324875,63135,51910,73850,347225,450635,462270,58990,47355,509625,324875,63135,51910,73850,347225,450635,462270,58990,47355,0,0,0,0,0,0,0,0,0,0,   16717,    9079,   -3131,    5352,     -69,    -592,   14362,    1629,    2355,   15088,100.0,63.7,12.4,10.2,14.5,68.1,88.4,90.7,11.6,9.3,100.0,63.7,12.4,10.2,14.5,68.1,88.4,90.7,11.6,9.3,0.0,0.0,0.0,0.0,0.0,0.0,0.0,0.0,0.0,0.0,348,211,64,81,48,59,292,175,348,211,64,81,48,59,292,175,0,0,0,0,0,0,0,0,16.6,29.1,27.2,46.8,16.2,28.3,25.8,45.5,16.6,29.1,27.2,46.8,16.2,28.3,25.8,45.5,0.0,0.0,0.0,0.0,0.0,0.0,0.0,0.0,(CONTRACTS OF 100 TROY OUNCES),088691,CMX ,88
GOLD - COMMODITY EXCHANGE INC.,250902,2025-09-02,088691,CMX ,1,88,492908,315796,66266,46558,73919,347817,436273,460641,56635,32267,492908,315796,66266,46558,73919,347817,436273,460641,56635,32267,0,0,0,0,0,0,0,0,0,0,   49148,   40029,    4810,    8185,    1011,   23944,   49225,   36939,     -77,   12209,100.0,64.1,13.4,9.4,15.0,70.6,88.5,93.5,11.5,6.5,100.0,64.1,13.4,9.4,15.0,70.6,88.5,93.5,11.5,6.5,0.0,0.0,0.0,0.0,0.0,0.0,0.0,0.0,0.0,0.0,360,212,73,81,50,65,293,189,360,212,73,81,50,65,293,189,0,0,0,0,0,0,0,0,17.1,28.4,27.7,47.1,17.0,27.7,26.2,46.1,17.1,28.4,27.7,47.1,17.0,27.7,26.2,46.1,0.0,0.0,0.0,0.0,0.0,0.0,0.0,0.0,(CONTRACTS OF 100 TROY OUNCES),088691,CMX ,88
GOLD - COMMODITY EXCHANGE INC.,250826,2025-08-26,088691,CMX ,1,88,443760,275767,61456,38373,72908,323873,387048,423702,56712,20058,443760,275767,61456,38373,72908,323873,387048,423702,56712,20058,0,0,0,0,0,0,0,0,0,0,    5219,     490,   -1231,   -2123,    6238,    7238,    4605,    3884,     614,    1335,100.0,62.1,13.8,8.6,16.4,73.0,87.2,95.5,12.8,4.5,100.0,62.1,13.8,8.6,16.4,73.0,87.2,95.5,12.8,4.5,0.0,0.0,0.0,0.0,0.0,0.0,0.0,0.0,0.0,0.0,316,187,58,75,55,54,273,158,316,187,58,75,55,54,273,158,0,0,0,0,0,0,0,0,19.4,29.9,30.5,49.7,19.1,29.1,28.7,48.3,19.4,29.9,30.5,49.7,19.1,29.1,28.7,48.3,0.0,0.0,0.0,0.0,0.0,0.0,0.0,0.0,(CONTRACTS OF 100 TROY OUNCES),088691,CMX ,88
GOLD - COMMODITY EXCHANGE INC.,250819,2025-08-19,088691,CMX ,1,88,438541,275277,62687,40496,66670,316635,382443,419818,56098,18723,438541,275277,62687,40496,66670,316635,382443,419818,56098,18723,0,0,0,0,0,0,0,0,0,0,   -7611,  -12838,    4057,    -458,    3243,   -9857,  -10053,   -6258,    2442,   -1353,100.0,62.8,14.3,9.2,15.2,72.2,87.2,95.7,12.8,4.3,100.0,62.8,14.3,9.2,15.2,72.2,87.2,95.7,12.8,4.3,0.0,0.0,0.0,0.0,0.0,0.0,0.0,0.0,0.0,0.0,318,193,60,83,50,52,275,164,318,193,60,83,50,52,275,164,0,0,0,0,0,0,0,0,20.1,30.9,31.7,50.8,19.8,30.1,30.2,49.1,20.1,30.9,31.7,50.8,19.8,30.1,30.2,49.1,0.0,0.0,0.0,0.0,0.0,0.0,0.0,0.0,(CONTRACTS OF 100 TROY OUNCES),088691,CMX ,88
GOLD - COMMODITY EXCHANGE INC.,250812,2025-08-12,088691,CMX ,1,88,446152,288115,58630,40954,63427,326492,392496,426076,53656,20076,446152,288115,58630,40954,63427,326492,392496,426076,53656,20076,0,0,0,0,0,0,0,0,0,0,   -3495,   -4079,    3486,   10173,  -10648,  -17729,   -4554,   -4070,    1059,     575,100.0,64.6,13.1,9.2,14.2,73.2,88.0,95.5,12.0,4.5,100.0,64.6,13.1,9.2,14.2,73.2,88.0,95.5,12.0,4.5,0.0,0.0,0.0,0.0,0.0,0.0,0.0,0.0,0.0,0.0,318,198,50,70,47,57,270,154,318,198,50,70,47,57,270,154,0,0,0,0,0,0,0,0,20.3,30.4,31.5,51.3,19.8,29.6,30.1,49.3,20.3,30.4,31.5,51.3,19.8,29.6,30.1,49.3,0.0,0.0,0.0,0.0,0.0,0.0,0.0,0.0,(CONTRACTS OF 100 TROY OUNCES),088691,CMX ,88
GOLD - COMMODITY EXCHANGE INC.,250805,2025-08-05,088691,CMX ,1,88,449647,292194,55144,30781,74075,344221,397050,430146,52597,19501,449647,292194,55144,30781,74075,344221,397050,430146,52597,19501,0,0,0,0,0,0,0,0,0,0,    4388,   10953,   -2501,    -928,   -5018,    6049,    5007,    2620,    -619,    1768,100.0,65.0,12.3,6.8,16.5,76.6,88.3,95.7,11.7,4.3,100.0,65.0,12.3,6.8,16.5,76.6,88.3,95.7,11.7,4.3,0.0,0.0,0.0,0.0,0.0,0.0,0.0,0.0,0.0,0.0,312,191,47,66,54,55,268,149,312,191,47,66,54,55,268,149,0,0,0,0,0,0,0,0,20.7,35.1,32.1,55.8,19.7,34.4,30.8,55.0,20.7,35.1,32.1,55.8,19.7,34.4,30.8,55.0,0.0,0.0,0.0,0.0,0.0,0.0,0.0,0.0,(CONTRACTS OF 100 TROY OUNCES),088691,CMX ,88
GOLD - COMMODITY EXCHANGE INC.,250729,2025-07-29,088691,CMX ,1,88,445259,281241,57645,31709,79093,338172,392043,427526,53216,17733,445259,281241,57645,31709,79093,338172,392043,427526,53216,17733,0,0,0,0,0,0,0,0,0,0,  -44164,  -30708,   -1266,  -14987,    2367,  -20891,  -43328,  -37144,    -836,   -7020,100.0,63.2,12.9,7.1,17.8,75.9,88.0,96.0,12.0,4.0,100.0,63.2,12.9,7.1,17.8,75.9,88.0,96.0,12.0,4.0,0.0,0.0,0.0,0.0,0.0,0.0,0.0,0.0,0.0,0.0,300,181,46,69,54,56,260,150,300,181,46,69,54,56,260,150,0,0,0,0,0,0,0,0,20.2,34.5,31.0,53.6,19.4,31.9,29.5,50.8,20.2,34.5,31.0,53.6,19.4,31.9,29.5,50.8,0.0,0.0,0.0,0.0,0.0,0.0,0.0,0.0,(CONTRACTS OF 100 TROY OUNCES),088691,CMX ,88
GOLD - COMMODITY EXCHANGE INC.,250722,2025-07-22,088691,CMX ,1,88,489423,311949,58911,46696,76726,359063,435371,464670,54052,24753,489423,311949,58911,46696,76726,359063,435371,464670,54052,24753,0,0,0,0,0,0,0,0,0,0,   40892,   41722,    1799,    1357,     737,   32386,   43816,   35542,   -2924,    5350,100.0,63.7,12.0,9.5,15.7,73.4,89.0,94.9,11.0,5.1,100.0,63.7,12.0,9.5,15.7,73.4,89.0,94.9,11.0,5.1,0.0,0.0,0.0,0.0,0.0,0.0,0.0,0.0,0.0,0.0,337,203,58,76,50,63,283,170,337,203,58,76,50,63,283,170,0,0,0,0,0,0,0,0,18.1,30.3,28.1,49.3,17.5,29.8,26.4,47.4,18.1,30.3,28.1,49.3,17.5,29.8,26.4,47.4,0.0,0.0,0.0,0.0,0.0,0.0,0.0,0.0,(CONTRACTS OF 100 TROY OUNCES),088691,CMX ,88
GOLD - COMMODITY EXCHANGE INC.,250715,2025-07-15,088691,CMX ,1,88,448531,270227,57112,45339,75989,326677,391555,429128,56976,19403,448531,270227,57112,45339,75989,326677,391555,429128,56976,19403,0,0,0,0,0,0,0,0,0,0,    5387,    8542,   -1605,   -7954,    4114,   16448,    4702,    6889,     685,   -1502,100.0,60.2,12.7,10.1,16.9,72.8,87.3,95.7,12.7,4.3,100.0,60.2,12.7,10.1,16.9,72.8,87.3,95.7,12.7,4.3,0.0,0.0,0.0,0.0,0.0,0.0,0.0,0.0,0.0,0.0,305,189,49,74,50,52,265,152,305,189,49,74,50,52,265,152,0,0,0,0,0,0,0,0,18.6,31.8,27.9,50.1,17.3,31.0,25.9,48.5,18.6,31.8,27.9,50.1,17.3,31.0,25.9,48.5,0.0,0.0,0.0,0.0,0.0,0.0,0.0,0.0,(CONTRACTS OF 100 TROY OUNCES),088691,CMX ,88
GOLD - COMMODITY EXCHANGE INC.,250708,2025-07-08,088691,CMX ,1,88,443144,261685,58717,53293,71875,310229,386853,422239,56291,20905,443144,261685,58717,53293,71875,310229,386853,422239,56291,20905,0,0,0,0,0,0,0,0,0,0,    5482,    3054,    2066,   -3594,    3055,    5340,    2515,    3812,    2967,    1670,100.0,59.1,13.3,12.0,16.2,70.0,87.3,95.3,12.7,4.7,100.0,59.1,13.3,12.0,16.2,70.0,87.3,95.3,12.7,4.7,0.0,0.0,0.0,0.0,0.0,0.0,0.0,0.0,0.0,0.0,299,182,51,74,50,53,257,153,299,182,51,74,50,53,257,153,0,0,0,0,0,0,0,0,19.5,31.3,30.2,49.9,17.6,30.4,26.3,47.2,19.5,31.3,30.2,49.9,17.6,30.4,26.3,47.2,0.0,0.0,0.0,0.0,0.0,0.0,0.0,0.0,(CONTRACTS OF 100 TROY OUNCES),088691,CMX ,88
GOLD - COMMODITY EXCHANGE INC.,250701,2025-07-01,088691,CMX ,1,88,437662,258631,56651,56887,68820,304889,384338,418427,53324,19235,437662,258631,56651,56887,68820,304889,384338,418427,53324,19235,0,0,0,0,0,0,0,0,0,0,    2704,    2554,   -4422,    6338,   -4503,    1006,    4389,    2922,   -1685,    -218,100.0,59.1,12.9,13.0,15.7,69.7,87.8,95.6,12.2,4.4,100.0,59.1,12.9,13.0,15.7,69.7,87.8,95.6,12.2,4.4,0.0,0.0,0.0,0.0,0.0,0.0,0.0,0.0,0.0,0.0,303,183,51,73,48,53,252,157,303,183,51,73,48,53,252,157,0,0,0,0,0,0,0,0,20.1,31.1,31.1,50.6,17.4,30.3,26.4,47.3,20.1,31.1,31.1,50.6,17.4,30.3,26.4,47.3,0.0,0.0,0.0,0.0,0.0,0.0,0.0,0.0,(CONTRACTS OF 100 TROY OUNCES),088691,CMX ,88
GOLD - COMMODITY EXCHANGE INC.,250624,2025-06-24,088691,CMX ,1,88,434958,256077,61073,50549,73323,303883,379949,415505,55009,19453,434958,256077,61073,50549,73323,303883,379949,415505,55009,19453,0,0,0,0,0,0,0,0,0,0,   -6256,   -4509,    1135,   -2555,    1639,   -5528,   -5425,   -6948,    -831,     692,100.0,58.9,14.0,11.6,16.9,69.9,87.4,95.5,12.6,4.5,100.0,58.9,14.0,11.6,16.9,69.9,87.4,95.5,12.6,4.5,0.0,0.0,0.0,0.0,0.0,0.0,0.0,0.0,0.0,0.0,310,185,54,77,51,51,261,160,310,185,54,77,51,51,261,160,0,0,0,0,0,0,0,0,20.0,31.3,31.3,51.3,17.3,30.4,27.0,47.7,20.0,31.3,31.3,51.3,17.3,30.4,27.0,47.7,0.0,0.0,0.0,0.0,0.0,0.0,0.0,0.0,(CONTRACTS OF 100 TROY OUNCES),088691,CMX ,88
GOLD - COMMODITY EXCHANGE INC.,250617,2025-06-17,088691,CMX ,1,88,441214,260586,59938,53104,71684,309411,385374,422453,55840,18761,441214,260586,59938,53104,71684,309411,385374,422453,55840,18761,0,0,0,0,0,0,0,0,0,0,   24071,   14591,    1424,    4396,    3252,   18261,   22239,   24081,    1832,     -10,100.0,59.1,13.6,12.0,16.2,70.1,87.3,95.7,12.7,4.3,100.0,59.1,13.6,12.0,16.2,70.1,87.3,95.7,12.7,4.3,0.0,0.0,0.0,0.0,0.0,0.0,0.0,0.0,0.0,0.0,322,202,50,71,50,53,274,152,322,202,50,71,50,53,274,152,0,0,0,0,0,0,0,0,19.5,31.5,30.8,51.2,16.8,30.5,26.2,47.9,19.5,31.5,30.8,51.2,16.8,30.5,26.2,47.9,0.0,0.0,0.0,0.0,0.0,0.0,0.0,0.0,(CONTRACTS OF 100 TROY OUNCES),088691,CMX ,88
GOLD - COMMODITY EXCHANGE INC.,250610,2025-06-10,088691,CMX ,1,88,417143,245995,58514,48708,68432,291150,363135,398372,54008,18771,417143,245995,58514,48708,68432,291150,363135,398372,54008,18771,0,0,0,0,0,0,0,0,0,0,    1202,    -987,    -563,    2650,   -2473,    -581,    -810,    1506,    2012,    -304,100.0,59.0,14.0,11.7,16.4,69.8,87.1,95.5,12.9,4.5,100.0,59.0,14.0,11.7,16.4,69.8,87.1,95.5,12.9,4.5,0.0,0.0,0.0,0.0,0.0,0.0,0.0,0.0,0.0,0.0,314,191,53,72,51,52,265,154,314,191,53,72,51,52,265,154,0,0,0,0,0,0,0,0,20.3,31.9,31.6,51.5,17.5,30.6,27.4,47.6,20.3,31.9,31.6,51.5,17.5,30.6,27.4,47.6,0.0,0.0,0.0,0.0,0.0,0.0,0.0,0.0,(CONTRACTS OF 100 TROY OUNCES),088691,CMX ,88
GOLD - COMMODITY EXCHANGE INC.,250603,2025-06-03,088691,CMX ,1,88,415941,246982,59077,46058,70905,291731,363945,396866,51996,19075,415941,246982,59077,46058,70905,291731,363945,396866,51996,19075,0,0,0,0,0,0,0,0,0,0,  -21597,   12895,    -826,  -13343,  -16604,   -3365,  -17052,  -17534,   -4545,   -4063,100.0,59.4,14.2,11.1,17.0,70.1,87.5,95.4,12.5,4.6,100.0,59.4,14.2,11.1,17.0,70.1,87.5,95.4,12.5,4.6,0.0,0.0,0.0,0.0,0.0,0.0,0.0,0.0,0.0,0.0,318,195,52,69,55,55,275,151,318,195,52,69,55,55,275,151,0,0,0,0,0,0,0,0,20.1,32.6,31.2,51.2,17.6,31.0,27.1,47.9,20.1,32.6,31.2,51.2,17.6,31.0,27.1,47.9,0.0,0.0,0.0,0.0,0.0,0.0,0.0,0.0,(CONTRACTS OF 100 TROY OUNCES),088691,CMX ,88
GOLD - COMMODITY EXCHANGE INC.,250527,2025-05-27,088691,CMX ,1,88,437538,234087,59903,59401,87509,295096,380997,414400,56541,23138,437538,234087,59903,59401,87509,295096,380997,414400,56541,23138,0,0,0,0,0,0,0,0,0,0,  -10462,   -3975,  -14178,   -6228,   -2747,    7192,  -12950,  -13214,    2488,    2752,100.0,53.5,13.7,13.6,20.0,67.4,87.1,94.7,12.9,5.3,100.0,53.5,13.7,13.6,20.0,67.4,87.1,94.7,12.9,5.3,0.0,0.0,0.0,0.0,0.0,0.0,0.0,0.0,0.0,0.0,294,174,50,65,53,56,248,151,294,174,50,65,53,56,248,151,0,0,0,0,0,0,0,0,18.6,30.2,28.8,45.2,16.6,27.7,25.4,40.8,18.6,30.2,28.8,45.2,16.6,27.7,25.4,40.8,0.0,0.0,0.0,0.0,0.0,0.0,0.0,0.0,(CONTRACTS OF 100 TROY OUNCES),088691,CMX ,88
GOLD - COMMODITY EXCHANGE INC.,250520,2025-05-20,088691,CMX ,1,88,448000,238062,74081,65629,90256,287904,393947,427614,54053,20386,448000,238062,74081,65629,90256,287904,393947,427614,54053,20386,0,0,0,0,0,0,0,0,0,0,    7158,    -129,   -2901,    2960,    1844,    8285,    4675,    8344,    2483,   -1186,100.0,53.1,16.5,14.6,20.1,64.3,87.9,95.4,12.1,4.6,100.0,53.1,16.5,14.6,20.1,64.3,87.9,95.4,12.1,4.6,0.0,0.0,0.0,0.0,0.0,0.0,0.0,0.0,0.0,0.0,306,180,62,70,47,53,254,158,306,180,62,70,47,53,254,158,0,0,0,0,0,0,0,0,18.2,29.2,27.8,43.4,16.0,27.1,24.5,40.2,18.2,29.2,27.8,43.4,16.0,27.1,24.5,40.2,0.0,0.0,0.0,0.0,0.0,0.0,0.0,0.0,(CONTRACTS OF 100 TROY OUNCES),088691,CMX ,88
GOLD - COMMODITY EXCHANGE INC.,250513,2025-05-13,088691,CMX ,1,88,440842,238191,76982,62669,88412,279619,389272,419270,51570,21572,440842,238191,76982,62669,88412,279619,389272,419270,51570,21572,0,0,0,0,0,0,0,0,0,0,  -11572,     746,    2034,  -12424,    1168,     272,  -10510,  -10118,   -1062,   -1454,100.0,54.0,17.5,14.2,20.1,63.4,88.3,95.1,11.7,4.9,100.0,54.0,17.5,14.2,20.1,63.4,88.3,95.1,11.7,4.9,0.0,0.0,0.0,0.0,0.0,0.0,0.0,0.0,0.0,0.0,316,184,65,71,50,51,261,162,316,184,65,71,50,51,261,162,0,0,0,0,0,0,0,0,17.0,28.8,26.4,43.4,15.7,26.9,24.2,40.5,17.0,28.8,26.4,43.4,15.7,26.9,24.2,40.5,0.0,0.0,0.0,0.0,0.0,0.0,0.0,0.0,(CONTRACTS OF 100 TROY OUNCES),088691,CMX ,88
GOLD - COMMODITY EXCHANGE INC.,250506,2025-05-06,088691,CMX ,1,88,452414,237445,74948,75093,87244,279347,399782,429388,52632,23026,452414,237445,74948,75093,87244,279347,399782,429388,52632,23026,0,0,0,0,0,0,0,0,0,0,     546,   -2932,   -2111,    7064,   -5543,   -4201,   -1411,     752,    1957,    -206,100.0,52.5,16.6,16.6,19.3,61.7,88.4,94.9,11.6,5.1,100.0,52.5,16.6,16.6,19.3,61.7,88.4,94.9,11.6,5.1,0.0,0.0,0.0,0.0,0.0,0.0,0.0,0.0,0.0,0.0,333,191,68,74,55,56,276,170,333,191,68,74,55,56,276,170,0,0,0,0,0,0,0,0,20.0,29.4,29.6,46.7,14.8,26.4,23.1,40.3,20.0,29.4,29.6,46.7,14.8,26.4,23.1,40.3,0.0,0.0,0.0,0.0,0.0,0.0,0.0,0.0,(CONTRACTS OF 100 TROY OUNCES),088691,CMX ,88
GOLD - COMMODITY EXCHANGE INC.,250429,2025-04-29,088691,CMX ,1,88,451868,240377,77059,68029,92787,283548,401193,428636,50675,23232,451868,240377,77059,68029,92787,283548,401193,428636,50675,23232,0,0,0,0,0,0,0,0,0,0,  -13483,  -18519,   -6459,    3606,    1659,   -9848,  -13254,  -12701,    -229,    -782,100.0,53.2,17.1,15.1,20.5,62.8,88.8,94.9,11.2,5.1,100.0,53.2,17.1,15.1,20.5,62.8,88.8,94.9,11.2,5.1,0.0,0.0,0.0,0.0,0.0,0.0,0.0,0.0,0.0,0.0,315,184,61,72,49,52,264,157,315,184,61,72,49,52,264,157,0,0,0,0,0,0,0,0,19.7,28.4,29.6,46.0,14.9,25.0,23.1,40.3,19.7,28.4,29.6,46.0,14.9,25.0,23.1,40.3,0.0,0.0,0.0,0.0,0.0,0.0,0.0,0.0,(CONTRACTS OF 100 TROY OUNCES),088691,CMX ,88
GOLD - COMMODITY EXCHANGE INC.,250422,2025-04-22,088691,CMX ,1,88,465351,258896,83518,64423,91128,293396,414447,441337,50904,24014,465351,258896,83518,64423,91128,293396,414447,441337,50904,24014,0,0,0,0,0,0,0,0,0,0,    8723,  -12811,   14021,    1419,   20560,   -9084,    9168,    6356,    -445,    2367,100.0,55.6,17.9,13.8,19.6,63.0,89.1,94.8,10.9,5.2,100.0,55.6,17.9,13.8,19.6,63.0,89.1,94.8,10.9,5.2,0.0,0.0,0.0,0.0,0.0,0.0,0.0,0.0,0.0,0.0,333,196,64,75,48,55,272,170,333,196,64,75,48,55,272,170,0,0,0,0,0,0,0,0,20.2,27.3,29.6,44.9,15.6,25.2,23.9,40.9,20.2,27.3,29.6,44.9,15.6,25.2,23.9,40.9,0.0,0.0,0.0,0.0,0.0,0.0,0.0,0.0,(CONTRACTS OF 100 TROY OUNCES),088691,CMX ,88
GOLD - COMMODITY EXCHANGE INC.,250415,2025-04-15,088691,CMX ,1,88,456628,271707,69497,63004,70568,302480,405279,434981,51349,21647,456628,271707,69497,63004,70568,302480,405279,434981,51349,21647,0,0,0,0,0,0,0,0,0,0,   11160,    1874,     379,    7069,    1354,    1083,   10297,    8531,     863,    2629,100.0,59.5,15.2,13.8,15.5,66.2,88.8,95.3,11.2,4.7,100.0,59.5,15.2,13.8,15.5,66.2,88.8,95.3,11.2,4.7,0.0,0.0,0.0,0.0,0.0,0.0,0.0,0.0,0.0,0.0,321,198,48,70,47,59,268,159,321,198,48,70,47,59,268,159,0,0,0,0,0,0,0,0,18.9,29.1,28.3,46.5,15.3,27.6,23.8,44.0,18.9,29.1,28.3,46.5,15.3,27.6,23.8,44.0,0.0,0.0,0.0,0.0,0.0,0.0,0.0,0.0,(CONTRACTS OF 100 TROY OUNCES),088691,CMX ,88
GOLD - COMMODITY EXCHANGE INC.,250408,2025-04-08,088691,CMX ,1,88,445468,269833,69118,55935,69214,301397,394982,426450,50486,19018,445468,269833,69118,55935,69214,301397,394982,426450,50486,19018,0,0,0,0,0,0,0,0,0,0,  -53278,  -58103,  -20384,    4688,     339,  -32539,  -53076,  -48235,    -202,   -5043,100.0,60.6,15.5,12.6,15.5,67.7,88.7,95.7,11.3,4.3,100.0,60.6,15.5,12.6,15.5,67.7,88.7,95.7,11.3,4.3,0.0,0.0,0.0,0.0,0.0,0.0,0.0,0.0,0.0,0.0,311,189,54,73,49,48,266,152,311,189,54,73,49,48,266,152,0,0,0,0,0,0,0,0,19.0,29.3,28.6,47.2,16.4,27.8,24.4,44.9,19.0,29.3,28.6,47.2,16.4,27.8,24.4,44.9,0.0,0.0,0.0,0.0,0.0,0.0,0.0,0.0,(CONTRACTS OF 100 TROY OUNCES),088691,CMX ,88
GOLD - COMMODITY EXCHANGE INC.,250401,2025-04-01,088691,CMX ,1,88,498746,327936,89502,51247,68875,333936,448058,474685,50688,24061,498746,327936,89502,51247,68875,333936,448058,474685,50688,24061,0,0,0,0,0,0,0,0,0,0,  -12736,   11364,   22726,   -3973,  -17963,  -31500,  -10572,  -12747,   -2164,      11,100.0,65.8,17.9,10.3,13.8,67.0,89.8,95.2,10.2,4.8,100.0,65.8,17.9,10.3,13.8,67.0,89.8,95.2,10.2,4.8,0.0,0.0,0.0,0.0,0.0,0.0,0.0,0.0,0.0,0.0,325,198,64,70,41,50,264,162,325,198,64,70,41,50,264,162,0,0,0,0,0,0,0,0,15.5,27.3,24.5,44.2,14.8,25.9,23.2,41.9,15.5,27.3,24.5,44.2,14.8,25.9,23.2,41.9,0.0,0.0,0.0,0.0,0.0,0.0,0.0,0.0,(CONTRACTS OF 100 TROY OUNCES),088691,CMX ,88
GOLD - COMMODITY EXCHANGE INC.,250325,2025-03-25,088691,CMX ,1,88,511482,316572,66776,55220,86838,365436,458630,487432,52852,24050,511482,316572,66776,55220,86838,365436,458630,487432,52852,24050,0,0,0,0,0,0,0,0,0,0,  -22084,   -5082,    3054,  -12302,   -4711,  -11281,  -22095,  -20529,      11,   -1555,100.0,61.9,13.1,10.8,17.0,71.4,89.7,95.3,10.3,4.7,100.0,61.9,13.1,10.8,17.0,71.4,89.7,95.3,10.3,4.7,0.0,0.0,0.0,0.0,0.0,0.0,0.0,0.0,0.0,0.0,320,195,59,80,45,58,267,172,320,195,59,80,45,58,267,172,0,0,0,0,0,0,0,0,15.6,28.6,24.6,44.0,15.6,27.7,22.8,40.7,15.6,28.6,24.6,44.0,15.6,27.7,22.8,40.7,0.0,0.0,0.0,0.0,0.0,0.0,0.0,0.0,(CONTRACTS OF 100 TROY OUNCES),088691,CMX ,88
GOLD - COMMODITY EXCHANGE INC.,250318,2025-03-18,088691,CMX ,1,88,533566,321654,63722,67522,91549,376717,480725,507961,52841,25605,533566,321654,63722,67522,91549,376717,480725,507961,52841,25605,0,0,0,0,0,0,0,0,0,0,   22290,   25482,    3650,   -9290,    7004,   26984,   23196,   21344,    -906,     946,100.0,60.3,11.9,12.7,17.2,70.6,90.1,95.2,9.9,4.8,100.0,60.3,11.9,12.7,17.2,70.6,90.1,95.2,9.9,4.8,0.0,0.0,0.0,0.0,0.0,0.0,0.0,0.0,0.0,0.0,325,202,58,75,44,56,272,164,325,202,58,75,44,56,272,164,0,0,0,0,0,0,0,0,16.2,29.0,26.1,43.4,15.3,26.2,22.4,39.8,16.2,29.0,26.1,43.4,15.3,26.2,22.4,39.8,0.0,0.0,0.0,0.0,0.0,0.0,0.0,0.0,(CONTRACTS OF 100 TROY OUNCES),088691,CMX ,88
GOLD - COMMODITY EXCHANGE INC.,250311,2025-03-11,088691,CMX ,1,88,511276,296172,60072,76812,84545,349733,457529,486617,53747,24659,511276,296172,60072,76812,84545,349733,457529,486617,53747,24659,0,0,0,0,0,0,0,0,0,0,   22006,   -6960,     201,    5989,   18832,   12905,   17861,   19095,    4145,    2911,100.0,57.9,11.7,15.0,16.5,68.4,89.5,95.2,10.5,4.8,100.0,57.9,11.7,15.0,16.5,68.4,89.5,95.2,10.5,4.8,0.0,0.0,0.0,0.0,0.0,0.0,0.0,0.0,0.0,0.0,303,184,53,79,45,53,258,160,303,184,53,79,45,53,258,160,0,0,0,0,0,0,0,0,19.4,30.8,29.3,46.2,16.1,26.4,24.2,39.8,19.4,30.8,29.3,46.2,16.1,26.4,24.2,39.8,0.0,0.0,0.0,0.0,0.0,0.0,0.0,0.0,(CONTRACTS OF 100 TROY OUNCES),088691,CMX ,88
GOLD - COMMODITY EXCHANGE INC.,250304,2025-03-04,088691,CMX ,1,88,489270,303132,59871,70823,65713,336828,439668,467522,49602,21748,489270,303132,59871,70823,65713,336828,439668,467522,49602,21748,0,0,0,0,0,0,0,0,0,0,  -22909,  -13816,    4548,   -3809,   -6083,  -23068,  -23708,  -22329,     799,    -580,100.0,62.0,12.2,14.5,13.4,68.8,89.9,95.6,10.1,4.4,100.0,62.0,12.2,14.5,13.4,68.8,89.9,95.6,10.1,4.4,0.0,0.0,0.0,0.0,0.0,0.0,0.0,0.0,0.0,0.0,294,179,53,73,44,51,253,149,294,179,53,73,44,51,253,149,0,0,0,0,0,0,0,0,18.6,31.6,29.1,47.1,16.8,28.7,25.6,42.8,18.6,31.6,29.1,47.1,16.8,28.7,25.6,42.8,0.0,0.0,0.0,0.0,0.0,0.0,0.0,0.0,(CONTRACTS OF 100 TROY OUNCES),088691,CMX ,88
GOLD - COMMODITY EXCHANGE INC.,250225,2025-02-25,088691,CMX ,1,88,512179,316948,55323,74632,71796,359896,463376,489851,48803,22328,512179,316948,55323,74632,71796,359896,463376,489851,48803,22328,0,0,0,0,0,0,0,0,0,0,  -10151,  -17095,  -10046,    9620,    -597,   -8568,   -8072,   -8994,   -2079,   -1157,100.0,61.9,10.8,14.6,14.0,70.3,90.5,95.6,9.5,4.4,100.0,61.9,10.8,14.6,14.0,70.3,90.5,95.6,9.5,4.4,0.0,0.0,0.0,0.0,0.0,0.0,0.0,0.0,0.0,0.0,303,177,61,79,46,51,255,161,303,177,61,79,46,51,255,161,0,0,0,0,0,0,0,0,17.3,30.6,27.8,46.9,16.2,27.6,24.8,41.7,17.3,30.6,27.8,46.9,16.2,27.6,24.8,41.7,0.0,0.0,0.0,0.0,0.0,0.0,0.0,0.0,(CONTRACTS OF 100 TROY OUNCES),088691,CMX ,88
GOLD - COMMODITY EXCHANGE INC.,250218,2025-02-18,088691,CMX ,1,88,522330,334043,65369,65012,72393,368464,471448,498845,50882,23485,522330,334043,65369,65012,72393,368464,471448,498845,50882,23485,0,0,0,0,0,0,0,0,0,0,   -6389,   -9723,    6107,    2190,    -229,  -14046,   -7762,   -5749,    1373,    -640,100.0,64.0,12.5,12.4,13.9,70.5,90.3,95.5,9.7,4.5,100.0,64.0,12.5,12.4,13.9,70.5,90.3,95.5,9.7,4.5,0.0,0.0,0.0,0.0,0.0,0.0,0.0,0.0,0.0,0.0,312,177,66,75,47,55,257,166,312,177,66,75,47,55,257,166,0,0,0,0,0,0,0,0,17.1,31.0,27.4,47.9,16.2,28.2,24.7,42.6,17.1,31.0,27.4,47.9,16.2,28.2,24.7,42.6,0.0,0.0,0.0,0.0,0.0,0.0,0.0,0.0,(CONTRACTS OF 100 TROY OUNCES),088691,CMX ,88
GOLD - COMMODITY EXCHANGE INC.,250211,2025-02-11,088691,CMX ,1,88,528719,343766,59262,62822,72622,382510,479210,504594,49509,24125,528719,343766,59262,62822,72622,382510,479210,504594,49509,24125,0,0,0,0,0,0,0,0,0,0,  -13285,  -12734,    5270,    1218,   -1756,  -20043,  -13272,  -13555,     -13,     270,100.0,65.0,11.2,11.9,13.7,72.3,90.6,95.4,9.4,4.6,100.0,65.0,11.2,11.9,13.7,72.3,90.6,95.4,9.4,4.6,0.0,0.0,0.0,0.0,0.0,0.0,0.0,0.0,0.0,0.0,309,177,65,74,42,54,253,161,309,177,65,74,42,54,253,161,0,0,0,0,0,0,0,0,17.7,31.5,27.8,49.7,16.8,28.4,25.4,44.1,17.7,31.5,27.8,49.7,16.8,28.4,25.4,44.1,0.0,0.0,0.0,0.0,0.0,0.0,0.0,0.0,(CONTRACTS OF 100 TROY OUNCES),088691,CMX ,88
GOLD - COMMODITY EXCHANGE INC.,250204,2025-02-04,088691,CMX ,1,88,542004,356500,53992,61604,74378,402553,492482,518149,49522,23855,542004,356500,53992,61604,74378,402553,492482,518149,49522,23855,0,0,0,0,0,0,0,0,0,0,  -35501,   18129,   15030,  -18272,  -35656,  -31203,  -35799,  -34445,     298,   -1056,100.0,65.8,10.0,11.4,13.7,74.3,90.9,95.6,9.1,4.4,100.0,65.8,10.0,11.4,13.7,74.3,90.9,95.6,9.1,4.4,0.0,0.0,0.0,0.0,0.0,0.0,0.0,0.0,0.0,0.0,314,187,59,68,44,54,259,155,314,187,59,68,44,54,259,155,0,0,0,0,0,0,0,0,17.4,35.1,27.2,52.1,16.6,32.4,25.2,46.8,17.4,35.1,27.2,52.1,16.6,32.4,25.2,46.8,0.0,0.0,0.0,0.0,0.0,0.0,0.0,0.0,(CONTRACTS OF 100 TROY OUNCES),088691,CMX ,88
GOLD - COMMODITY EXCHANGE INC.,250128,2025-01-28,088691,CMX ,1,88,577505,338371,38962,79876,110034,433756,528281,552594,49224,24911,577505,338371,38962,79876,110034,433756,528281,552594,49224,24911,0,0,0,0,0,0,0,0,0,0,    6118,    1082,    2457,   -8468,   14918,   12032,    7532,    6021,   -1414,      97,100.0,58.6,6.7,13.8,19.1,75.1,91.5,95.7,8.5,4.3,100.0,58.6,6.7,13.8,19.1,75.1,91.5,95.7,8.5,4.3,0.0,0.0,0.0,0.0,0.0,0.0,0.0,0.0,0.0,0.0,293,178,51,75,41,56,246,156,293,178,51,75,41,56,246,156,0,0,0,0,0,0,0,0,15.8,35.4,25.0,51.2,15.7,32.1,23.4,43.7,15.8,35.4,25.0,51.2,15.7,32.1,23.4,43.7,0.0,0.0,0.0,0.0,0.0,0.0,0.0,0.0,(CONTRACTS OF 100 TROY OUNCES),088691,CMX ,88
GOLD - COMMODITY EXCHANGE INC.,250121,2025-01-21,088691,CMX ,1,88,571387,337289,36505,88344,95116,421724,520749,546573,50638,24814,571387,337289,36505,88344,95116,421724,520749,546573,50638,24814,0,0,0,0,0,0,0,0,0,0,   44920,   24721,    3300,   14770,    3041,   27197,   42532,   45267,    2388,    -347,100.0,59.0,6.4,15.5,16.6,73.8,91.1,95.7,8.9,4.3,100.0,59.0,6.4,15.5,16.6,73.8,91.1,95.7,8.9,4.3,0.0,0.0,0.0,0.0,0.0,0.0,0.0,0.0,0.0,0.0,307,182,60,80,42,57,254,168,307,182,60,80,42,57,254,168,0,0,0,0,0,0,0,0,17.0,37.9,26.5,53.1,15.9,34.7,23.3,45.8,17.0,37.9,26.5,53.1,15.9,34.7,23.3,45.8,0.0,0.0,0.0,0.0,0.0,0.0,0.0,0.0,(CONTRACTS OF 100 TROY OUNCES),088691,CMX ,88
GOLD - COMMODITY EXCHANGE INC.,250114,2025-01-14,088691,CMX ,1,88,526467,312568,33205,73574,92075,394527,478217,501306,48250,25161,526467,312568,33205,73574,92075,394527,478217,501306,48250,25161,0,0,0,0,0,0,0,0,0,0,   49424,   20847,   -3605,   -1500,   29401,   53207,   48748,   48102,     676,    1322,100.0,59.4,6.3,14.0,17.5,74.9,90.8,95.2,9.2,4.8,100.0,59.4,6.3,14.0,17.5,74.9,90.8,95.2,9.2,4.8,0.0,0.0,0.0,0.0,0.0,0.0,0.0,0.0,0.0,0.0,293,177,53,78,40,51,241,162,293,177,53,78,40,51,241,162,0,0,0,0,0,0,0,0,17.8,40.2,27.2,54.8,16.8,36.3,24.6,47.9,17.8,40.2,27.2,54.8,16.8,36.3,24.6,47.9,0.0,0.0,0.0,0.0,0.0,0.0,0.0,0.0,(CONTRACTS OF 100 TROY OUNCES),088691,CMX ,88
GOLD - COMMODITY EXCHANGE INC.,250107,2025-01-07,088691,CMX ,1,88,477043,291721,36810,75074,62674,341320,429469,453204,47574,23839,477043,291721,36810,75074,62674,341320,429469,453204,47574,23839,0,0,0,0,0,0,0,0,0,0,   18459,    8814,    1182,    7153,    2275,    9625,   18242,   17960,     217,     499,100.0,61.2,7.7,15.7,13.1,71.5,90.0,95.0,10.0,5.0,100.0,61.2,7.7,15.7,13.1,71.5,90.0,95.0,10.0,5.0,0.0,0.0,0.0,0.0,0.0,0.0,0.0,0.0,0.0,0.0,292,177,49,73,36,54,236,157,292,177,49,73,36,54,236,157,0,0,0,0,0,0,0,0,23.6,40.6,32.9,56.9,18.8,37.3,26.0,49.9,23.6,40.6,32.9,56.9,18.8,37.3,26.0,49.9,0.0,0.0,0.0,0.0,0.0,0.0,0.0,0.0,(CONTRACTS OF 100 TROY OUNCES),088691,CMX ,88
"GOLD -1 TROY OUNCE - COINBASE DERIVATIVES, LLC",251230,2025-12-30,088LM1,FREX,0,88,11050,4000,10241,0,0,0,4000,10241,7050,809,11050,4000,10241,0,0,0,4000,10241,7050,809,0,0,0,0,0,0,0,0,0,0,.,.,.,.,.,.,.,.,.,.,100.0,36.2,92.7,0.0,0.0,0.0,36.2,92.7,63.8,7.3,100.0,36.2,92.7,0.0,0.0,0.0,36.2,92.7,63.8,7.3,0.0,0.0,0.0,0.0,0.0,0.0,0.0,0.0,0.0,0.0,22,20,2,0,0,0,20,2,22,20,2,0,0,0,20,2,0,0,0,0,0,0,0,0,7.2,92.7,14.5,92.7,7.2,92.7,14.5,92.7,7.2,92.7,14.5,92.7,7.2,92.7,14.5,92.7,0.0,0.0,0.0,0.0,0.0,0.0,0.0,0.0,"1 troy ounce x $2,300",088LM1,FREX,88
GOLD - COMMODITY EXCHANGE INC.,260707,2026-07-07,088691,CMX ,1,88,371776,233713,39467,32863,59564,281846,326140,354176,45636,17600,371776,233713,39467,32863,59564,281846,326140,354176,45636,17600,0,0,0,0,0,0,0,0,0,0,    2235,    4094,    3867,    1094,     446,    1658,    5634,    6619,   -3399,   -4384,100.0,62.9,10.6,8.8,16.0,75.8,87.7,95.3,12.3,4.7,100.0,62.9,10.6,8.8,16.0,75.8,87.7,95.3,12.3,4.7,0.0,0.0,0.0,0.0,0.0,0.0,0.0,0.0,0.0,0.0,279,157,56,73,46,44,230,149,279,157,56,73,46,44,230,149,0,0,0,0,0,0,0,0,21.9,37.0,31.0,56.2,20.5,36.1,28.2,53.5,21.9,37.0,31.0,56.2,20.5,36.1,28.2,53.5,0.0,0.0,0.0,0.0,0.0,0.0,0.0,0.0,(CONTRACTS OF 100 TROY OUNCES),088691,CMX ,88
GOLD - COMMODITY EXCHANGE INC.,260630,2026-06-30,088691,CMX ,1,88,369541,229619,35600,31769,59118,280188,320506,347557,49035,21984,369541,229619,35600,31769,59118,280188,320506,347557,49035,21984,0,0,0,0,0,0,0,0,0,0,   17374,   12591,     -89,     474,   -5461,   10205,    7604,   10590,    9770,    6784,100.0,62.1,9.6,8.6,16.0,75.8,86.7,94.1,13.3,5.9,100.0,62.1,9.6,8.6,16.0,75.8,86.7,94.1,13.3,5.9,0.0,0.0,0.0,0.0,0.0,0.0,0.0,0.0,0.0,0.0,267,146,52,65,48,45,224,136,267,146,52,65,48,45,224,136,0,0,0,0,0,0,0,0,21.9,36.7,30.5,55.6,21.0,35.5,28.4,52.8,21.9,36.7,30.5,55.6,21.0,35.5,28.4,52.8,0.0,0.0,0.0,0.0,0.0,0.0,0.0,0.0,(CONTRACTS OF 100 TROY OUNCES),088691,CMX ,88
GOLD - COMMODITY EXCHANGE INC.,260623,2026-06-23,088691,CMX ,1,88,352167,217028,35689,31295,64579,269983,312902,336967,39265,15200,352167,217028,35689,31295,64579,269983,312902,336967,39265,15200,0,0,0,0,0,0,0,0,0,0,   12837,    5901,    4782,    5278,    6359,    4200,   17538,   14260,   -4701,   -1423,100.0,61.6,10.1,8.9,18.3,76.7,88.9,95.7,11.1,4.3,100.0,61.6,10.1,8.9,18.3,76.7,88.9,95.7,11.1,4.3,0.0,0.0,0.0,0.0,0.0,0.0,0.0,0.0,0.0,0.0,282,152,61,69,45,46,227,151,282,152,61,69,45,46,227,151,0,0,0,0,0,0,0,0,21.0,36.4,29.8,53.8,20.2,35.5,28.4,51.1,21.0,36.4,29.8,53.8,20.2,35.5,28.4,51.1,0.0,0.0,0.0,0.0,0.0,0.0,0.0,0.0,(CONTRACTS OF 100 TROY OUNCES),088691,CMX ,88
GOLD - COMMODITY EXCHANGE INC.,260616,2026-06-16,088691,CMX ,1,88,339330,211127,30907,26017,58220,265783,295364,322707,43966,16623,339330,211127,30907,26017,58220,265783,295364,322707,43966,16623,0,0,0,0,0,0,0,0,0,0,    6621,    3143,   -3240,    3169,    -766,    5761,    5546,    5690,    1075,     931,100.0,62.2,9.1,7.7,17.2,78.3,87.0,95.1,13.0,4.9,100.0,62.2,9.1,7.7,17.2,78.3,87.0,95.1,13.0,4.9,0.0,0.0,0.0,0.0,0.0,0.0,0.0,0.0,0.0,0.0,285,165,52,63,45,43,232,140,285,165,52,63,45,43,232,140,0,0,0,0,0,0,0,0,20.0,37.7,29.0,55.0,19.6,37.2,27.6,53.2,20.0,37.7,29.0,55.0,19.6,37.2,27.6,53.2,0.0,0.0,0.0,0.0,0.0,0.0,0.0,0.0,(CONTRACTS OF 100 TROY OUNCES),088691,CMX ,88
GOLD - COMMODITY EXCHANGE INC.,260609,2026-06-09,088691,CMX ,1,88,332709,207984,34147,22848,58986,260022,289818,317017,42891,15692,332709,207984,34147,22848,58986,260022,289818,317017,42891,15692,0,0,0,0,0,0,0,0,0,0,    6657,    1888,    4071,     399,    5135,    -174,    7422,    4296,    -765,    2361,100.0,62.5,10.3,6.9,17.7,78.2,87.1,95.3,12.9,4.7,100.0,62.5,10.3,6.9,17.7,78.2,87.1,95.3,12.9,4.7,0.0,0.0,0.0,0.0,0.0,0.0,0.0,0.0,0.0,0.0,271,150,52,67,47,43,224,140,271,150,52,67,47,43,224,140,0,0,0,0,0,0,0,0,20.4,38.5,30.1,55.2,19.6,37.9,28.4,52.1,20.4,38.5,30.1,55.2,19.6,37.9,28.4,52.1,0.0,0.0,0.0,0.0,0.0,0.0,0.0,0.0,(CONTRACTS OF 100 TROY OUNCES),088691,CMX ,88
GOLD - COMMODITY EXCHANGE INC.,260602,2026-06-02,088691,CMX ,1,88,326052,206096,30076,22449,53851,260196,282396,312721,43656,13331,326052,206096,30076,22449,53851,260196,282396,312721,43656,13331,0,0,0,0,0,0,0,0,0,0,  -27437,    5392,  -16368,   -8546,  -20790,    -211,  -23944,  -25125,   -3493,   -2312,100.0,63.2,9.2,6.9,16.5,79.8,86.6,95.9,13.4,4.1,100.0,63.2,9.2,6.9,16.5,79.8,86.6,95.9,13.4,4.1,0.0,0.0,0.0,0.0,0.0,0.0,0.0,0.0,0.0,0.0,258,153,42,59,44,46,223,123,258,153,42,59,44,46,223,123,0,0,0,0,0,0,0,0,20.5,39.4,30.6,56.1,20.0,38.9,29.0,53.6,20.5,39.4,30.6,56.1,20.0,38.9,29.0,53.6,0.0,0.0,0.0,0.0,0.0,0.0,0.0,0.0,(CONTRACTS OF 100 TROY OUNCES),088691,CMX ,88
GOLD - COMMODITY EXCHANGE INC.,260526,2026-05-26,088691,CMX ,1,88,353489,200704,46444,30995,74641,260407,306340,337846,47149,15643,353489,200704,46444,30995,74641,260407,306340,337846,47149,15643,0,0,0,0,0,0,0,0,0,0,  -25836,  -10314,   -4741,  -20710,    5121,    -742,  -25903,  -26193,      67,     357,100.0,56.8,13.1,8.8,21.1,73.7,86.7,95.6,13.3,4.4,100.0,56.8,13.1,8.8,21.1,73.7,86.7,95.6,13.3,4.4,0.0,0.0,0.0,0.0,0.0,0.0,0.0,0.0,0.0,0.0,253,158,34,65,44,47,222,129,253,158,34,65,44,47,222,129,0,0,0,0,0,0,0,0,18.9,36.1,28.9,50.6,18.3,34.9,26.6,45.8,18.9,36.1,28.9,50.6,18.3,34.9,26.6,45.8,0.0,0.0,0.0,0.0,0.0,0.0,0.0,0.0,(CONTRACTS OF 100 TROY OUNCES),088691,CMX ,88
GOLD - COMMODITY EXCHANGE INC.,260519,2026-05-19,088691,CMX ,1,88,379325,211018,51185,51705,69520,261149,332243,364039,47082,15286,379325,211018,51185,51705,69520,261149,332243,364039,47082,15286,0,0,0,0,0,0,0,0,0,0,    2829,   -8775,    3014,    2678,   11795,   -6834,    5698,   -1142,   -2869,    3971,100.0,55.6,13.5,13.6,18.3,68.8,87.6,96.0,12.4,4.0,100.0,55.6,13.5,13.6,18.3,68.8,87.6,96.0,12.4,4.0,0.0,0.0,0.0,0.0,0.0,0.0,0.0,0.0,0.0,0.0,282,169,46,77,47,46,239,148,282,169,46,77,47,46,239,148,0,0,0,0,0,0,0,0,20.4,35.0,30.7,49.3,16.8,32.7,25.0,43.6,20.4,35.0,30.7,49.3,16.8,32.7,25.0,43.6,0.0,0.0,0.0,0.0,0.0,0.0,0.0,0.0,(CONTRACTS OF 100 TROY OUNCES),088691,CMX ,88
GOLD - COMMODITY EXCHANGE INC.,260512,2026-05-12,088691,CMX ,1,88,376496,219793,48171,49027,57725,267983,326545,365181,49951,11315,376496,219793,48171,49027,57725,267983,326545,365181,49951,11315,0,0,0,0,0,0,0,0,0,0,    8564,    7979,    -340,     391,    -505,   10818,    7865,   10869,     699,   -2305,100.0,58.4,12.8,13.0,15.3,71.2,86.7,97.0,13.3,3.0,100.0,58.4,12.8,13.0,15.3,71.2,86.7,97.0,13.3,3.0,0.0,0.0,0.0,0.0,0.0,0.0,0.0,0.0,0.0,0.0,278,174,42,72,46,43,241,136,278,174,42,72,46,43,241,136,0,0,0,0,0,0,0,0,21.3,36.0,31.0,52.5,17.1,34.5,25.0,46.5,21.3,36.0,31.0,52.5,17.1,34.5,25.0,46.5,0.0,0.0,0.0,0.0,0.0,0.0,0.0,0.0,(CONTRACTS OF 100 TROY OUNCES),088691,CMX ,88
GOLD - COMMODITY EXCHANGE INC.,260505,2026-05-05,088691,CMX ,1,88,367932,211814,48511,48636,58230,257165,318680,354312,49252,13620,367932,211814,48511,48636,58230,257165,318680,354312,49252,13620,0,0,0,0,0,0,0,0,0,0,   -1598,      -4,   -3736,     757,   -2323,    1799,   -1570,   -1180,     -28,    -418,100.0,57.6,13.2,13.2,15.8,69.9,86.6,96.3,13.4,3.7,100.0,57.6,13.2,13.2,15.8,69.9,86.6,96.3,13.4,3.7,0.0,0.0,0.0,0.0,0.0,0.0,0.0,0.0,0.0,0.0,276,168,46,73,46,44,239,139,276,168,46,73,46,44,239,139,0,0,0,0,0,0,0,0,21.6,36.1,32.1,51.7,18.1,33.9,26.3,46.1,21.6,36.1,32.1,51.7,18.1,33.9,26.3,46.1,0.0,0.0,0.0,0.0,0.0,0.0,0.0,0.0,(CONTRACTS OF 100 TROY OUNCES),088691,CMX ,88
GOLD - COMMODITY EXCHANGE INC.,260428,2026-04-28,088691,CMX ,1,88,369530,211818,52247,47879,60553,255366,320250,355492,49280,14038,369530,211818,52247,47879,60553,255366,320250,355492,49280,14038,0,0,0,0,0,0,0,0,0,0,    3688,   -1075,    3360,    3414,    4292,   -3835,    6631,    2939,   -2943,     749,100.0,57.3,14.1,13.0,16.4,69.1,86.7,96.2,13.3,3.8,100.0,57.3,14.1,13.0,16.4,69.1,86.7,96.2,13.3,3.8,0.0,0.0,0.0,0.0,0.0,0.0,0.0,0.0,0.0,0.0,277,167,43,73,47,44,240,136,277,167,43,73,47,44,240,136,0,0,0,0,0,0,0,0,21.3,35.7,31.3,51.1,17.6,33.4,25.6,45.1,21.3,35.7,31.3,51.1,17.6,33.4,25.6,45.1,0.0,0.0,0.0,0.0,0.0,0.0,0.0,0.0,(CONTRACTS OF 100 TROY OUNCES),088691,CMX ,88
GOLD - COMMODITY EXCHANGE INC.,260421,2026-04-21,088691,CMX ,1,88,365842,212893,48887,44465,56261,259201,313619,352553,52223,13289,365842,212893,48887,44465,56261,259201,313619,352553,52223,13289,0,0,0,0,0,0,0,0,0,0,    3568,    2884,    1404,    -475,     504,    2362,    2913,    3291,     655,     277,100.0,58.2,13.4,12.2,15.4,70.9,85.7,96.4,14.3,3.6,100.0,58.2,13.4,12.2,15.4,70.9,85.7,96.4,14.3,3.6,0.0,0.0,0.0,0.0,0.0,0.0,0.0,0.0,0.0,0.0,282,178,39,65,46,47,246,130,282,178,39,65,46,47,246,130,0,0,0,0,0,0,0,0,21.4,36.3,31.1,52.2,17.7,34.1,25.3,46.0,21.4,36.3,31.1,52.2,17.7,34.1,25.3,46.0,0.0,0.0,0.0,0.0,0.0,0.0,0.0,0.0,(CONTRACTS OF 100 TROY OUNCES),088691,CMX ,88
GOLD - COMMODITY EXCHANGE INC.,260414,2026-04-14,088691,CMX ,1,88,362274,210009,47483,44940,55757,256839,310706,349262,51568,13012,362274,210009,47483,44940,55757,256839,310706,349262,51568,13012,0,0,0,0,0,0,0,0,0,0,    7397,    4641,   -1580,    2277,   -1972,    5359,    4946,    6056,    2451,    1341,100.0,58.0,13.1,12.4,15.4,70.9,85.8,96.4,14.2,3.6,100.0,58.0,13.1,12.4,15.4,70.9,85.8,96.4,14.2,3.6,0.0,0.0,0.0,0.0,0.0,0.0,0.0,0.0,0.0,0.0,277,179,34,52,46,45,244,114,277,179,34,52,46,45,244,114,0,0,0,0,0,0,0,0,21.4,36.6,31.2,52.7,17.6,34.6,25.3,46.6,21.4,36.6,31.2,52.7,17.6,34.6,25.3,46.6,0.0,0.0,0.0,0.0,0.0,0.0,0.0,0.0,(CONTRACTS OF 100 TROY OUNCES),088691,CMX ,88
GOLD - COMMODITY EXCHANGE INC.,260407,2026-04-07,088691,CMX ,1,88,354877,205368,49063,42663,57729,251480,305760,343206,49117,11671,354877,205368,49063,42663,57729,251480,305760,343206,49117,11671,0,0,0,0,0,0,0,0,0,0,   -6532,   -2234,    4663,   -1830,    -968,   -8857,   -5032,   -6024,   -1500,    -508,100.0,57.9,13.8,12.0,16.3,70.9,86.2,96.7,13.8,3.3,100.0,57.9,13.8,12.0,16.3,70.9,86.2,96.7,13.8,3.3,0.0,0.0,0.0,0.0,0.0,0.0,0.0,0.0,0.0,0.0,266,168,37,59,47,43,233,121,266,168,37,59,47,43,233,121,0,0,0,0,0,0,0,0,21.7,36.9,32.2,52.7,18.0,34.4,26.5,46.6,21.7,36.9,32.2,52.7,18.0,34.4,26.5,46.6,0.0,0.0,0.0,0.0,0.0,0.0,0.0,0.0,(CONTRACTS OF 100 TROY OUNCES),088691,CMX ,88
GOLD - COMMODITY EXCHANGE INC.,260331,2026-03-31,088691,CMX ,1,88,361409,207602,44400,44493,58697,260337,310792,349230,50617,12179,361409,207602,44400,44493,58697,260337,310792,349230,50617,12179,0,0,0,0,0,0,0,0,0,0,  -42516,  -13259,   -8134,  -12301,  -18300,  -20488,  -43860,  -40923,    1344,   -1593,100.0,57.4,12.3,12.3,16.2,72.0,86.0,96.6,14.0,3.4,100.0,57.4,12.3,12.3,16.2,72.0,86.0,96.6,14.0,3.4,0.0,0.0,0.0,0.0,0.0,0.0,0.0,0.0,0.0,0.0,259,165,32,57,46,45,229,117,259,165,32,57,46,45,229,117,0,0,0,0,0,0,0,0,21.9,36.3,32.9,53.3,18.0,35.0,26.9,46.7,21.9,36.3,32.9,53.3,18.0,35.0,26.9,46.7,0.0,0.0,0.0,0.0,0.0,0.0,0.0,0.0,(CONTRACTS OF 100 TROY OUNCES),088691,CMX ,88
GOLD - COMMODITY EXCHANGE INC.,260324,2026-03-24,088691,CMX ,1,88,403925,220861,52534,56794,76997,280825,354652,390153,49273,13772,403925,220861,52534,56794,76997,280825,354652,390153,49273,13772,0,0,0,0,0,0,0,0,0,0,   -7463,    4900,   -3558,     464,   -9187,   -4007,   -3823,   -7101,   -3640,    -362,100.0,54.7,13.0,14.1,19.1,69.5,87.8,96.6,12.2,3.4,100.0,54.7,13.0,14.1,19.1,69.5,87.8,96.6,12.2,3.4,0.0,0.0,0.0,0.0,0.0,0.0,0.0,0.0,0.0,0.0,288,172,50,80,48,50,254,151,288,172,50,80,48,50,254,151,0,0,0,0,0,0,0,0,19.5,32.9,31.4,49.3,17.1,31.0,26.0,42.9,19.5,32.9,31.4,49.3,17.1,31.0,26.0,42.9,0.0,0.0,0.0,0.0,0.0,0.0,0.0,0.0,(CONTRACTS OF 100 TROY OUNCES),088691,CMX ,88
GOLD - COMMODITY EXCHANGE INC.,260317,2026-03-17,088691,CMX ,1,88,411388,215961,56092,56330,86184,284832,358475,397254,52913,14134,411388,215961,56092,56330,86184,284832,358475,397254,52913,14134,0,0,0,0,0,0,0,0,0,0,   -2568,     516,    3779,   -3477,     904,   -3424,   -2057,   -3122,    -511,     554,100.0,52.5,13.6,13.7,20.9,69.2,87.1,96.6,12.9,3.4,100.0,52.5,13.6,13.7,20.9,69.2,87.1,96.6,12.9,3.4,0.0,0.0,0.0,0.0,0.0,0.0,0.0,0.0,0.0,0.0,301,176,55,77,54,49,263,152,301,176,55,77,54,49,263,152,0,0,0,0,0,0,0,0,18.4,33.0,29.9,48.7,15.6,31.6,23.9,43.0,18.4,33.0,29.9,48.7,15.6,31.6,23.9,43.0,0.0,0.0,0.0,0.0,0.0,0.0,0.0,0.0,(CONTRACTS OF 100 TROY OUNCES),088691,CMX ,88
GOLD - COMMODITY EXCHANGE INC.,260310,2026-03-10,088691,CMX ,1,88,413956,215445,52313,59807,85280,288256,360532,400376,53424,13580,413956,215445,52313,59807,85280,288256,360532,400376,53424,13580,0,0,0,0,0,0,0,0,0,0,    4167,    1693,   -1294,    3730,     446,    2839,    5869,    5275,   -1702,   -1108,100.0,52.0,12.6,14.4,20.6,69.6,87.1,96.7,12.9,3.3,100.0,52.0,12.6,14.4,20.6,69.6,87.1,96.7,12.9,3.3,0.0,0.0,0.0,0.0,0.0,0.0,0.0,0.0,0.0,0.0,290,171,50,72,55,44,257,138,290,171,50,72,55,44,257,138,0,0,0,0,0,0,0,0,18.0,33.4,29.5,50.1,14.8,32.6,23.0,45.0,18.0,33.4,29.5,50.1,14.8,32.6,23.0,45.0,0.0,0.0,0.0,0.0,0.0,0.0,0.0,0.0,(CONTRACTS OF 100 TROY OUNCES),088691,CMX ,88
GOLD - COMMODITY EXCHANGE INC.,260303,2026-03-03,088691,CMX ,1,88,409789,213752,53607,56077,84834,285417,354663,395101,55126,14688,409789,213752,53607,56077,84834,285417,354663,395101,55126,14688,0,0,0,0,0,0,0,0,0,0,  -10393,    2103,    1135,    1514,   -1364,   -1587,    2253,    1062,  -12646,  -11455,100.0,52.2,13.1,13.7,20.7,69.6,86.5,96.4,13.5,3.6,100.0,52.2,13.1,13.7,20.7,69.6,86.5,96.4,13.5,3.6,0.0,0.0,0.0,0.0,0.0,0.0,0.0,0.0,0.0,0.0,283,166,49,64,52,46,243,136,283,166,49,64,52,46,243,136,0,0,0,0,0,0,0,0,17.3,33.4,28.5,50.8,14.0,32.6,22.8,45.7,17.3,33.4,28.5,50.8,14.0,32.6,22.8,45.7,0.0,0.0,0.0,0.0,0.0,0.0,0.0,0.0,(CONTRACTS OF 100 TROY OUNCES),088691,CMX ,88
GOLD - COMMODITY EXCHANGE INC.,260224,2026-02-24,088691,CMX ,1,88,420182,211649,52472,54563,86198,287004,352410,394039,67772,26143,420182,211649,52472,54563,86198,287004,352410,394039,67772,26143,0,0,0,0,0,0,0,0,0,0,   13104,   -1783,   -1045,     975,   -2039,    1985,   -2847,    1915,   15951,   11189,100.0,50.4,12.5,13.0,20.5,68.3,83.9,93.8,16.1,6.2,100.0,50.4,12.5,13.0,20.5,68.3,83.9,93.8,16.1,6.2,0.0,0.0,0.0,0.0,0.0,0.0,0.0,0.0,0.0,0.0,292,176,47,65,55,49,256,139,292,176,47,65,55,49,256,139,0,0,0,0,0,0,0,0,16.6,31.9,26.9,48.9,13.5,31.1,21.7,43.8,16.6,31.9,26.9,48.9,13.5,31.1,21.7,43.8,0.0,0.0,0.0,0.0,0.0,0.0,0.0,0.0,(CONTRACTS OF 100 TROY OUNCES),088691,CMX ,88
GOLD - COMMODITY EXCHANGE INC.,260217,2026-02-17,088691,CMX ,1,88,407078,213432,53517,53588,88237,285019,355257,392124,51821,14954,407078,213432,53517,53588,88237,285019,355257,392124,51821,14954,0,0,0,0,0,0,0,0,0,0,    2687,     624,     721,    3659,    -501,   -1457,    3782,    2923,   -1095,    -236,100.0,52.4,13.1,13.2,21.7,70.0,87.3,96.3,12.7,3.7,100.0,52.4,13.1,13.2,21.7,70.0,87.3,96.3,12.7,3.7,0.0,0.0,0.0,0.0,0.0,0.0,0.0,0.0,0.0,0.0,298,170,59,65,52,50,247,151,298,170,59,65,52,50,247,151,0,0,0,0,0,0,0,0,16.9,32.7,27.7,50.8,13.8,31.5,22.8,44.8,16.9,32.7,27.7,50.8,13.8,31.5,22.8,44.8,0.0,0.0,0.0,0.0,0.0,0.0,0.0,0.0,(CONTRACTS OF 100 TROY OUNCES),088691,CMX ,88
GOLD - COMMODITY EXCHANGE INC.,260210,2026-02-10,088691,CMX ,1,88,404391,212808,52796,49929,88738,286476,351475,389201,52916,15190,404391,212808,52796,49929,88738,286476,351475,389201,52916,15190,0,0,0,0,0,0,0,0,0,0,   -5303,   -1700,    3892,    -683,     774,   -9266,   -1609,   -6057,   -3694,     754,100.0,52.6,13.1,12.3,21.9,70.8,86.9,96.2,13.1,3.8,100.0,52.6,13.1,12.3,21.9,70.8,86.9,96.2,13.1,3.8,0.0,0.0,0.0,0.0,0.0,0.0,0.0,0.0,0.0,0.0,290,172,49,61,52,49,243,142,290,172,49,61,52,49,243,142,0,0,0,0,0,0,0,0,17.3,33.8,28.4,52.7,14.2,32.9,23.5,45.9,17.3,33.8,28.4,52.7,14.2,32.9,23.5,45.9,0.0,0.0,0.0,0.0,0.0,0.0,0.0,0.0,(CONTRACTS OF 100 TROY OUNCES),088691,CMX ,88
GOLD - COMMODITY EXCHANGE INC.,260203,2026-02-03,088691,CMX ,1,88,409694,214508,48904,50612,87964,295742,353084,395258,56610,14436,409694,214508,48904,50612,87964,295742,353084,395258,56610,14436,0,0,0,0,0,0,0,0,0,0,  -78769,  -37592,    2200,  -26874,   -8236,  -48743,  -72702,  -73417,   -6067,   -5352,100.0,52.4,11.9,12.4,21.5,72.2,86.2,96.5,13.8,3.5,100.0,52.4,11.9,12.4,21.5,72.2,86.2,96.5,13.8,3.5,0.0,0.0,0.0,0.0,0.0,0.0,0.0,0.0,0.0,0.0,304,189,46,63,55,48,263,138,304,189,46,63,55,48,263,138,0,0,0,0,0,0,0,0,17.1,34.2,28.5,53.8,13.8,32.7,23.5,46.6,17.1,34.2,28.5,53.8,13.8,32.7,23.5,46.6,0.0,0.0,0.0,0.0,0.0,0.0,0.0,0.0,(CONTRACTS OF 100 TROY OUNCES),088691,CMX ,88
GOLD - COMMODITY EXCHANGE INC.,260127,2026-01-27,088691,CMX ,1,88,488463,252100,46704,77486,96200,344485,425786,468675,62677,19788,488463,252100,46704,77486,96200,344485,425786,468675,62677,19788,0,0,0,0,0,0,0,0,0,0,  -39541,  -43672,   -4298,   -6741,   10331,  -31073,  -40082,  -42112,     541,    2571,100.0,51.6,9.6,15.9,19.7,70.5,87.2,95.9,12.8,4.1,100.0,51.6,9.6,15.9,19.7,70.5,87.2,95.9,12.8,4.1,0.0,0.0,0.0,0.0,0.0,0.0,0.0,0.0,0.0,0.0,310,198,46,78,51,52,275,151,310,198,46,78,51,52,275,151,0,0,0,0,0,0,0,0,14.7,32.6,25.9,49.6,12.0,31.5,21.0,44.6,14.7,32.6,25.9,49.6,12.0,31.5,21.0,44.6,0.0,0.0,0.0,0.0,0.0,0.0,0.0,0.0,(CONTRACTS OF 100 TROY OUNCES),088691,CMX ,88
GOLD - COMMODITY EXCHANGE INC.,260120,2026-01-20,088691,CMX ,1,88,528004,295772,51002,84227,85869,375558,465868,510787,62136,17217,528004,295772,51002,84227,85869,375558,465868,510787,62136,17217,0,0,0,0,0,0,0,0,0,0,     549,    -411,    6057,    2557,    2487,   -4930,    4633,    3684,   -4084,   -3135,100.0,56.0,9.7,16.0,16.3,71.1,88.2,96.7,11.8,3.3,100.0,56.0,9.7,16.0,16.3,71.1,88.2,96.7,11.8,3.3,0.0,0.0,0.0,0.0,0.0,0.0,0.0,0.0,0.0,0.0,330,213,50,75,52,51,290,152,330,213,50,75,52,51,290,152,0,0,0,0,0,0,0,0,14.1,32.7,24.5,50.3,11.4,31.5,20.3,47.1,14.1,32.7,24.5,50.3,11.4,31.5,20.3,47.1,0.0,0.0,0.0,0.0,0.0,0.0,0.0,0.0,(CONTRACTS OF 100 TROY OUNCES),088691,CMX ,88
GOLD - COMMODITY EXCHANGE INC.,260113,2026-01-13,088691,CMX ,1,88,527455,296183,44945,81670,83382,380488,461235,507103,66220,20352,527455,296183,44945,81670,83382,380488,461235,507103,66220,20352,0,0,0,0,0,0,0,0,0,0,   39339,   21748,   -1858,    8325,    3164,   28235,   33237,   34702,    6102,    4637,100.0,56.2,8.5,15.5,15.8,72.1,87.4,96.1,12.6,3.9,100.0,56.2,8.5,15.5,15.8,72.1,87.4,96.1,12.6,3.9,0.0,0.0,0.0,0.0,0.0,0.0,0.0,0.0,0.0,0.0,325,205,51,76,52,49,287,150,325,205,51,76,52,49,287,150,0,0,0,0,0,0,0,0,13.6,32.5,23.8,50.7,11.4,31.3,20.1,47.4,13.6,32.5,23.8,50.7,11.4,31.3,20.1,47.4,0.0,0.0,0.0,0.0,0.0,0.0,0.0,0.0,(CONTRACTS OF 100 TROY OUNCES),088691,CMX ,88
GOLD - COMMODITY EXCHANGE INC.,260106,2026-01-06,088691,CMX ,1,88,488116,274435,46803,73345,80218,352253,427998,472401,60118,15715,488116,274435,46803,73345,80218,352253,427998,472401,60118,15715,0,0,0,0,0,0,0,0,0,0,    6250,   -1157,    2384,    9542,   -2036,   -5247,    6349,    6679,     -99,    -429,100.0,56.2,9.6,15.0,16.4,72.2,87.7,96.8,12.3,3.2,100.0,56.2,9.6,15.0,16.4,72.2,87.7,96.8,12.3,3.2,0.0,0.0,0.0,0.0,0.0,0.0,0.0,0.0,0.0,0.0,310,194,52,71,49,45,269,144,310,194,52,71,49,45,269,144,0,0,0,0,0,0,0,0,15.0,34.0,26.5,51.6,12.5,32.3,21.8,47.7,15.0,34.0,26.5,51.6,12.5,32.3,21.8,47.7,0.0,0.0,0.0,0.0,0.0,0.0,0.0,0.0,(CONTRACTS OF 100 TROY OUNCES),088691,CMX ,88
"GOLD -1 TROY OUNCE - COINBASE DERIVATIVES, LLC",260127,2026-01-27,088LM1,FREX,0,88,11365,4243,7984,1121,0,0,5364,9105,6001,2260,11365,4243,7984,1121,0,0,5364,9105,6001,2260,0,0,0,0,0,0,0,0,0,0,    1046,     116,    -696,    1121,       0,       0,    1237,     425,    -191,     621,100.0,37.3,70.3,9.9,0.0,0.0,47.2,80.1,52.8,19.9,100.0,37.3,70.3,9.9,0.0,0.0,47.2,80.1,52.8,19.9,0.0,0.0,0.0,0.0,0.0,0.0,0.0,0.0,0.0,0.0,21,17,4,1,0,0,17,5,21,17,4,1,0,0,17,5,0,0,0,0,0,0,0,0,24.3,78.4,31.4,80.1,14.5,70.3,21.5,70.3,24.3,78.4,31.4,80.1,14.5,70.3,21.5,70.3,0.0,0.0,0.0,0.0,0.0,0.0,0.0,0.0,"(1 troy ounce x $2,300)",088LM1,FREX,88
"GOLD -1 TROY OUNCE - COINBASE DERIVATIVES, LLC",260120,2026-01-20,088LM1,FREX,0,88,10319,4127,8680,0,0,0,4127,8680,6192,1639,10319,4127,8680,0,0,0,4127,8680,6192,1639,0,0,0,0,0,0,0,0,0,0,     926,     287,     663,       0,       0,       0,     287,     663,     639,     263,100.0,40.0,84.1,0.0,0.0,0.0,40.0,84.1,60.0,15.9,100.0,40.0,84.1,0.0,0.0,0.0,40.0,84.1,60.0,15.9,0.0,0.0,0.0,0.0,0.0,0.0,0.0,0.0,0.0,0.0,20,16,4,0,0,0,16,4,20,16,4,0,0,0,16,4,0,0,0,0,0,0,0,0,16.7,84.1,24.5,84.1,16.7,84.1,24.5,84.1,16.7,84.1,24.5,84.1,16.7,84.1,24.5,84.1,0.0,0.0,0.0,0.0,0.0,0.0,0.0,0.0,"(1 troy ounce x $2,300)",088LM1,FREX,88
"GOLD -1 TROY OUNCE - COINBASE DERIVATIVES, LLC",260113,2026-01-13,088LM1,FREX,0,88,9393,3840,8017,0,0,0,3840,8017,5553,1376,9393,3840,8017,0,0,0,3840,8017,5553,1376,0,0,0,0,0,0,0,0,0,0,.,.,.,.,.,.,.,.,.,.,100.0,40.9,85.4,0.0,0.0,0.0,40.9,85.4,59.1,14.6,100.0,40.9,85.4,0.0,0.0,0.0,40.9,85.4,59.1,14.6,0.0,0.0,0.0,0.0,0.0,0.0,0.0,0.0,0.0,0.0,24,18,6,0,0,0,18,6,24,18,6,0,0,0,18,6,0,0,0,0,0,0,0,0,11.1,81.1,19.6,85.4,11.1,81.1,19.6,85.4,11.1,81.1,19.6,85.4,11.1,81.1,19.6,85.4,0.0,0.0,0.0,0.0,0.0,0.0,0.0,0.0,"1 troy ounce x $2,300",088LM1,FREX,88
